"Available WQM data for all dams in 2000 and 2002, March-October",,,,,,,,,,"Available WQM data from Bonneville Dam from 1996-2015, April-October",,,,,,,,,,,,,,,,,,,,,,"Available WQM data from Ice Harbor Dam from 1996-2015, April-October",,,,,,,,,,,,,,,,,,,,
,,,,,,,,,,,,,,,,,,,,,,,,,,,,,,,,,,,,,,,,,,,,,,,,,,,,
DATE,Bonneville,The Dalles,John Day,McNary,Ice Harbor,Lower Monumental,Little Goose,Lower Granite,,,1996,1997,1998,1999,2000,2001,2002,2003,2004,2005,2006,2007,2008,2009,2010,2011,2012,2013,2014,2015,,,1996,1997,1998,1999,2000,2001,2002,2003,2004,2005,2006,2007,2008,2009,2010,2011,2012,2013,2014,2015
3/1/2000,4.9,,,4.54,4.91,,,5.57,,1-Apr,7.43,7.59,8.53,7.61,8.09,8.17,7.02,8.88,8.81,7.63,7.88,7.28,6.71,6.44,7.95,7.23,6.53,8.25,6.98,9.06,,1-Apr,9.02,8.00,8.43,7.67,7.85,7.24,6.20,8.42,8.84,7.33,7.54,8.47,6.17,5.50,7.82,7.82,6.98,7.53,7.36,9.59
3/2/2000,4.9,,,4.77,5.04,,,5.66,,2-Apr,7.53,7.62,8.40,7.63,8.40,8.16,6.97,8.78,8.92,7.57,8.03,7.15,6.87,6.54,7.93,7.35,6.82,8.57,7.08,9.06,,2-Apr,9.07,8.06,8.37,7.65,7.99,7.30,6.30,8.46,8.86,7.42,7.58,8.62,6.25,5.70,7.90,8.17,7.46,7.92,7.48,9.56
3/3/2000,5,,,4.82,5.18,,,5.58,,3-Apr,7.78,7.52,8.40,7.63,8.67,8.11,7.03,8.54,9.09,7.63,8.11,7.18,7.02,6.60,7.74,7.48,6.93,8.89,7.29,8.95,,3-Apr,9.20,8.05,8.42,7.61,8.21,7.30,6.24,8.48,8.82,7.74,7.64,8.45,6.34,5.90,7.87,8.28,7.66,8.23,7.64,9.63
3/4/2000,5.2,,,4.94,5.24,,,5.78,,4-Apr,7.90,7.49,8.36,7.56,8.84,8.16,7.20,8.58,9.31,7.72,8.14,7.46,7.05,6.80,7.72,7.62,7.01,8.88,7.35,9.05,,4-Apr,9.57,8.00,8.52,7.46,8.42,7.59,6.54,8.56,9.18,8.02,7.80,8.37,6.48,6.18,7.93,8.33,7.88,8.46,7.87,9.70
3/5/2000,5.2,,,4.95,5.23,,,5.94,,5-Apr,8.01,7.57,8.48,7.50,8.68,8.28,7.29,8.64,9.46,7.79,8.42,7.75,7.00,7.02,7.84,7.81,6.94,8.83,7.60,9.18,,5-Apr,11.10,8.04,8.62,7.53,8.73,7.53,6.96,8.51,9.50,8.18,7.85,8.30,6.51,6.50,7.93,8.08,7.91,8.64,8.05,9.66
3/6/2000,5.3,,,5.06,5.33,,,6.12,,6-Apr,8.21,7.63,8.74,7.62,8.75,8.31,7.43,8.63,9.66,7.97,8.50,7.99,7.07,7.18,8.06,7.95,7.01,8.98,7.81,9.32,,6-Apr,11.10,8.12,8.71,7.40,8.71,7.48,7.10,8.40,9.73,8.39,7.83,8.35,6.63,6.82,8.02,7.86,8.01,8.66,8.27,9.44
3/7/2000,5.3,,,5.13,5.62,,,6.63,,7-Apr,8.62,7.83,8.75,7.73,8.79,8.29,7.66,8.70,9.86,8.07,8.46,8.10,7.16,7.38,8.23,7.93,7.01,8.96,8.00,9.45,,7-Apr,11.10,8.28,8.61,7.48,9.03,7.55,7.44,8.37,9.78,8.46,7.91,8.53,6.75,7.02,8.03,7.72,8.01,8.69,8.46,9.28
3/8/2000,5.4,,,5.08,5.63,,,6.63,,8-Apr,9.00,8.03,8.73,7.67,9.00,8.32,7.94,8.79,9.98,8.08,8.54,8.23,7.22,7.58,8.36,8.02,7.21,9.05,8.40,9.60,,8-Apr,11.10,8.47,8.58,7.60,9.31,7.61,7.94,8.30,10.00,8.53,8.06,8.89,6.94,7.22,8.20,7.62,7.95,8.66,8.78,9.31
3/9/2000,5.6,,,5.1,5.74,,,6.32,,9-Apr,9.27,8.01,8.88,7.56,9.28,8.40,8.27,9.05,10.17,8.13,8.72,8.26,7.32,7.75,8.44,8.13,7.53,9.36,8.74,9.75,,9-Apr,12.64,8.51,8.62,7.60,9.36,7.74,7.99,8.39,10.57,8.55,8.08,9.24,7.15,7.38,8.23,7.45,7.92,8.83,8.86,9.55
3/10/2000,5.8,,,5.1,5.98,,,6.23,,10-Apr,9.36,8.10,8.99,7.59,9.50,8.38,8.41,9.29,10.33,8.25,8.73,8.25,7.37,7.82,8.54,8.03,7.75,9.43,8.80,9.87,,10-Apr,12.58,8.59,8.77,7.75,9.50,7.85,8.03,8.48,10.54,8.66,8.39,9.30,7.42,7.63,8.41,7.51,8.05,9.20,8.93,9.82
3/11/2000,5.9,,,5.25,5.96,,,6.33,,11-Apr,9.28,8.21,9.10,7.76,9.85,8.38,8.59,9.44,10.39,8.43,8.63,8.38,7.51,7.85,8.68,7.93,7.93,9.49,8.90,9.83,,11-Apr,12.42,8.63,8.91,8.01,9.96,7.94,8.30,9.08,10.56,8.87,8.64,9.17,7.60,7.80,8.60,7.75,8.30,9.59,8.95,10.02
3/12/2000,6,,,5.38,6.22,,,6.43,,12-Apr,9.25,8.38,9.23,8.13,10.07,8.45,8.81,9.54,10.61,8.51,8.71,8.36,7.82,8.00,8.99,7.99,7.97,9.62,9.20,9.81,,12-Apr,12.42,8.74,9.09,8.06,10.21,7.98,8.54,9.53,10.71,8.90,8.77,9.07,7.79,7.76,8.68,7.86,8.42,9.84,9.11,10.08
3/13/2000,6,,,5.67,6.3,,,6.61,,13-Apr,9.54,8.66,9.20,8.34,10.33,8.42,9.19,9.70,10.90,8.68,8.84,8.47,8.09,8.09,9.14,8.06,8.04,9.47,9.49,9.83,,13-Apr,12.75,8.90,9.14,8.30,10.42,8.15,8.79,9.40,10.86,8.87,8.89,9.12,8.10,7.76,8.70,7.82,8.50,9.92,9.23,10.13
3/14/2000,6.2,,,5.73,6.26,,,6.67,,14-Apr,9.75,8.81,8.98,8.43,10.18,8.35,9.52,9.86,11.05,8.85,8.92,8.75,8.22,8.01,9.24,7.96,8.26,9.42,9.55,9.70,,14-Apr,13.09,8.94,9.30,8.60,10.25,8.31,8.94,9.10,10.88,8.94,9.10,9.25,8.20,7.88,8.96,7.75,8.74,9.87,9.29,10.12
3/15/2000,6.3,,,5.85,6.42,,,7.02,,15-Apr,9.91,9.07,9.07,8.40,10.04,8.37,9.48,10.10,10.90,8.99,8.90,8.87,8.14,8.09,9.55,8.03,8.45,9.46,9.64,9.74,,15-Apr,13.08,9.02,9.40,8.92,9.95,8.88,9.05,8.96,10.90,8.84,9.28,9.30,8.33,8.15,9.10,7.80,9.03,9.86,9.43,9.96
3/16/2000,6.4,,,6.02,6.64,,,6.69,,16-Apr,10.17,9.19,9.22,8.55,10.25,8.54,9.51,10.17,10.70,9.09,8.82,8.94,8.18,8.59,9.84,8.07,8.61,9.41,9.78,9.85,,16-Apr,12.74,9.19,9.38,8.98,9.97,8.96,9.05,9.00,10.86,8.86,9.24,9.40,8.25,8.55,9.19,8.03,9.40,9.82,9.61,9.99
3/17/2000,6.3,,,5.9,6.76,,,6.8,,17-Apr,10.31,9.23,9.50,8.88,10.44,8.76,9.65,10.16,10.88,9.23,8.86,8.98,8.28,9.05,9.99,8.05,8.45,9.33,9.80,10.01,,17-Apr,12.59,9.43,9.58,9.40,10.30,8.66,9.07,9.08,11.07,8.88,9.32,9.70,8.38,8.93,9.32,8.35,9.59,9.72,9.88,10.02
3/18/2000,6.3,,,5.85,6.87,,,6.94,,18-Apr,10.22,9.37,9.90,9.17,10.71,9.06,9.90,10.24,10.97,9.42,8.99,9.21,8.46,9.34,10.13,8.17,8.37,9.29,10.00,10.35,,18-Apr,12.43,9.44,9.90,9.55,10.62,9.13,9.15,9.24,11.20,9.02,9.38,9.99,8.71,8.95,10.03,8.67,9.88,9.63,10.04,9.89
3/19/2000,6.4,,,5.71,6.82,,,6.85,,19-Apr,10.22,9.25,10.09,9.16,10.77,9.25,9.96,10.34,11.07,9.60,9.06,9.38,8.49,9.49,10.32,8.23,8.62,9.34,9.96,10.63,,19-Apr,12.36,9.34,9.98,9.51,10.78,9.38,9.03,9.89,11.39,9.19,9.50,10.02,8.68,9.03,10.11,8.72,10.10,9.72,9.95,10.14
3/20/2000,6.4,,,5.85,6.79,,6.7,6.7,,20-Apr,10.22,9.34,10.37,9.19,10.94,9.39,9.96,10.50,11.11,9.83,9.08,9.49,8.60,9.68,10.35,8.35,8.89,9.40,9.93,10.87,,20-Apr,12.28,9.39,10.31,9.59,10.91,9.80,9.01,9.82,11.53,9.36,9.56,10.06,8.54,9.14,10.34,8.73,10.09,9.85,9.92,10.31
3/21/2000,6.7,,,6.3,6.8,6.83,6.9,6.44,,21-Apr,10.26,9.55,10.62,9.31,11.09,9.52,9.95,10.59,11.22,10.12,9.15,9.56,8.75,9.87,10.11,8.35,9.20,9.53,10.00,10.92,,21-Apr,12.58,9.44,10.51,9.84,10.87,9.78,9.25,10.11,11.71,9.53,9.47,10.23,8.66,9.31,10.65,8.65,10.10,9.72,9.87,10.33
3/22/2000,6.9,,,6.35,6.89,6.88,7.14,6.34,,22-Apr,10.09,9.84,10.84,9.59,11.14,9.60,10.02,10.72,11.51,10.41,9.30,9.77,8.70,9.95,10.15,8.40,9.61,9.53,10.06,10.98,,22-Apr,12.67,9.66,10.66,10.24,10.62,9.45,9.45,10.31,11.74,9.95,9.31,10.63,8.62,9.51,10.79,8.60,10.26,9.64,9.90,10.39
3/23/2000,7,,,6.29,6.98,6.88,7.15,,,23-Apr,9.83,9.97,10.88,9.98,11.06,9.61,9.85,10.92,11.54,10.52,9.45,9.96,8.73,9.85,10.28,8.55,9.96,9.66,9.98,10.83,,23-Apr,12.86,9.60,10.83,10.53,10.55,9.79,9.30,10.45,11.83,10.23,9.50,10.93,8.76,9.23,10.55,8.86,10.28,9.63,9.78,10.79
3/24/2000,7.1,7.09,7.33,6.46,7.15,7.06,7.6,6.9,,24-Apr,9.68,10.18,10.78,10.25,10.87,9.78,9.79,10.79,11.46,10.58,9.71,10.15,8.79,9.83,10.62,8.86,10.23,9.77,9.95,10.73,,24-Apr,13.23,9.54,10.95,10.79,10.83,10.43,9.33,10.23,11.68,10.41,9.72,11.16,8.95,9.27,10.83,9.34,10.43,9.55,9.72,10.83
3/25/2000,7.1,7.15,6.94,6.53,7.17,7.25,7.21,7.08,,25-Apr,9.68,10.50,10.88,10.55,10.81,10.15,9.85,10.62,11.67,10.68,9.84,10.18,9.05,9.88,10.82,9.04,10.48,9.97,9.99,10.70,,25-Apr,13.33,9.26,10.96,10.86,11.07,11.43,8.91,10.50,11.85,10.65,10.00,11.35,9.17,9.65,10.98,9.38,10.81,9.72,9.64,10.77
3/26/2000,7.2,7.26,7.89,6.75,7.61,7.54,7.09,7.87,,26-Apr,9.71,10.79,10.94,10.63,10.94,10.60,9.81,10.60,11.97,10.99,9.82,10.31,9.39,9.93,11.02,9.09,10.56,10.30,10.03,10.91,,26-Apr,13.13,9.26,10.93,10.86,11.47,10.84,8.93,9.90,11.93,11.13,10.48,11.29,9.29,9.92,10.89,9.22,11.16,9.86,9.57,10.94
3/27/2000,7.3,7.41,7.22,7.1,7.39,7.57,7.23,7.8,,27-Apr,9.91,10.68,11.28,10.55,10.94,10.88,9.85,10.68,12.18,11.32,10.03,10.61,9.50,9.90,11.08,9.21,10.64,10.65,9.94,11.34,,27-Apr,12.97,9.70,11.16,10.59,11.37,11.16,9.18,10.22,12.19,11.38,10.83,11.15,9.29,10.05,11.06,9.22,11.47,10.26,9.55,11.21
3/28/2000,7.3,7.46,7.24,7.03,7.52,7.36,7.13,7.58,,28-Apr,10.11,10.61,11.71,10.52,10.89,11.13,9.98,10.75,12.10,11.50,10.28,10.85,9.67,9.99,11.28,9.28,10.83,10.84,10.00,11.72,,28-Apr,13.27,9.73,11.43,10.37,11.33,11.08,9.29,10.58,12.12,11.44,10.98,11.28,9.48,9.93,11.45,9.31,11.54,10.32,9.72,11.27
3/29/2000,7.4,7.52,7.36,7.13,7.68,7.35,7.28,7.66,,29-Apr,10.46,10.68,12.10,10.75,10.88,11.17,10.17,10.85,12.16,11.46,10.55,10.97,9.91,10.11,11.26,9.32,11.00,10.83,10.23,11.96,,29-Apr,13.43,9.68,11.79,10.44,11.35,11.09,9.71,10.37,12.36,11.50,11.05,11.45,9.65,9.81,11.72,9.43,11.18,10.39,10.02,11.52
3/30/2000,7.6,7.68,7.96,7.66,7.74,7.37,7.74,8.37,,30-Apr,10.64,10.49,12.37,10.90,10.91,11.18,10.34,11.11,12.15,11.40,10.73,11.12,9.99,10.12,11.27,9.45,11.07,10.70,10.48,12.25,,30-Apr,13.52,10.07,12.14,10.73,11.37,10.89,10.02,10.60,11.89,11.33,10.98,11.42,9.74,9.73,11.76,9.50,10.94,10.34,10.31,11.78
3/31/2000,7.8,7.89,8.01,7.75,7.8,7.4,7.99,8.48,,1-May,10.67,10.24,12.56,10.98,11.13,10.80,10.48,11.33,12.34,11.60,10.80,11.07,10.13,10.15,11.31,9.66,10.98,10.80,10.70,12.57,,1-May,13.45,10.48,12.72,10.92,11.26,10.93,10.03,11.07,12.09,11.33,10.91,11.53,9.78,9.75,11.99,9.60,10.56,10.20,10.54,11.95
4/1/2000,8.1,8.1,7.85,7.9,7.85,7.78,7.95,8.31,,2-May,10.57,10.32,12.80,10.93,11.31,10.30,10.57,11.47,12.64,11.92,11.04,11.16,10.23,10.25,11.38,9.85,11.06,11.03,10.90,12.55,,2-May,13.37,10.37,12.72,10.97,11.29,11.24,10.23,11.13,12.04,11.56,10.99,11.51,9.73,9.73,12.28,9.90,10.08,10.10,10.67,11.91
4/2/2000,8.4,8.39,8.75,8.56,7.99,8.34,8.26,8.07,,3-May,10.47,10.57,13.04,10.87,11.33,11.30,10.46,11.37,12.93,12.31,11.32,11.38,10.38,10.31,11.40,9.94,11.23,11.33,10.95,12.80,,3-May,13.40,10.08,12.46,10.85,11.35,11.45,10.60,11.19,12.52,11.68,11.42,11.26,9.67,9.74,12.12,10.02,9.76,10.30,10.72,12.32
4/3/2000,8.7,8.45,8.8,8.82,8.21,8.76,9.3,8.7,,4-May,10.59,10.60,13.25,10.82,11.43,11.76,10.52,11.31,13.05,12.80,11.62,11.48,10.60,10.33,11.30,10.05,11.16,11.58,10.98,13.02,,4-May,13.66,10.10,12.43,10.60,11.31,11.73,10.79,11.12,12.40,11.95,11.78,11.38,9.63,9.72,11.69,10.13,9.59,10.84,10.67,12.63
4/4/2000,8.8,8.79,8.48,8.56,8.42,8.56,9.02,8.76,,5-May,10.65,11.00,13.64,10.84,11.65,11.93,10.38,11.28,13.03,12.90,11.83,11.45,10.93,10.26,11.32,10.17,10.93,11.89,11.18,13.11,,5-May,13.73,10.31,12.48,10.43,11.63,11.80,10.80,10.89,12.48,12.01,11.90,11.47,9.93,9.90,11.22,10.39,9.68,11.25,10.66,12.64
4/5/2000,8.7,8.78,8.65,8.63,8.73,8.75,8.85,9.2,,6-May,10.78,10.92,13.93,10.85,11.83,12.14,10.27,11.45,13.02,12.87,11.78,11.58,11.04,10.33,11.19,10.38,10.86,12.15,11.47,13.23,,6-May,13.77,10.37,13.05,10.23,12.11,12.18,10.69,10.80,12.65,12.26,11.94,11.59,10.34,10.16,10.88,10.62,9.94,11.42,10.58,12.85
4/6/2000,8.7,8.81,8.53,8.65,8.71,9.01,8.74,9.27,,7-May,10.61,10.96,14.10,10.81,12.10,12.48,10.25,11.44,13.11,12.99,11.65,11.97,10.92,10.30,11.26,10.46,10.90,12.43,11.77,13.22,,7-May,13.75,10.38,13.63,10.05,12.32,12.79,10.60,10.61,13.04,12.64,11.79,11.95,10.65,10.09,10.71,10.68,10.30,11.79,10.72,12.70
4/7/2000,8.8,8.94,9.21,8.71,9.03,9,9.36,9.22,,8-May,10.60,11.10,14.11,10.86,12.23,12.75,10.51,11.63,13.44,13.20,11.58,12.42,10.83,10.37,11.43,10.48,11.05,12.79,11.95,13.29,,8-May,13.74,10.78,13.64,10.26,12.14,12.69,10.88,10.83,13.05,12.81,11.46,12.33,11.12,10.19,10.75,10.64,10.58,12.14,10.98,12.69
4/8/2000,9,9.15,9.17,8.71,9.31,8.92,9.44,9.05,,9-May,10.76,11.33,13.81,10.66,12.28,13.23,10.70,11.58,13.71,13.20,11.68,12.37,11.05,10.63,11.63,10.57,10.98,12.98,12.00,13.61,,9-May,13.89,11.25,13.50,10.37,12.20,12.92,10.65,11.05,13.13,12.93,11.33,12.73,11.24,10.53,10.80,10.64,10.86,12.67,11.38,12.85
4/9/2000,9.3,9.37,9.05,8.59,9.36,9.28,9.54,8.51,,10-May,11.00,11.70,13.81,10.63,12.08,12.95,10.79,11.64,13.75,13.10,11.93,12.28,11.29,10.90,11.75,10.98,10.80,13.25,12.05,14.00,,10-May,13.91,11.58,13.42,10.67,12.18,13.25,10.71,10.96,13.01,12.61,11.52,12.91,11.00,10.89,11.02,10.82,11.09,12.95,11.79,12.98
4/10/2000,9.5,9.6,9.45,9.48,9.5,9.71,9.61,8.96,,11-May,11.27,11.98,13.51,10.79,11.89,13.20,11.08,11.84,13.58,13.39,12.24,12.38,11.43,11.07,11.75,11.18,10.98,13.55,12.30,14.00,,11-May,13.81,11.77,13.29,10.69,11.99,13.36,11.01,11.02,13.03,12.22,11.88,12.94,10.89,11.23,11.03,11.19,11.25,12.83,12.16,13.16
4/11/2000,9.9,9.88,10.06,9.67,9.96,10,9.62,9.59,,12-May,11.41,11.96,13.24,10.91,11.93,13.53,11.36,11.90,13.67,13.53,12.32,12.45,11.41,11.04,11.77,11.40,11.33,13.93,12.46,13.94,,12-May,13.64,11.64,13.30,10.72,11.86,13.29,11.34,11.16,13.21,12.45,12.32,12.71,11.04,11.33,10.96,11.52,11.45,12.76,12.21,13.27
4/12/2000,10.1,10.19,9.76,9.59,10.21,10.11,9.31,10.03,,13-May,11.55,12.12,13.05,10.87,12.17,13.63,11.47,12.25,13.87,13.69,12.38,12.39,11.43,11.00,12.01,11.63,11.70,14.12,12.61,13.98,,13-May,13.48,11.73,13.12,10.90,11.79,12.72,11.40,12.00,13.40,12.75,12.61,12.37,11.34,11.31,11.06,11.90,11.73,13.02,12.33,13.37
4/13/2000,10.3,10.2,9.85,9.56,10.42,9.8,9.44,9.98,,14-May,11.95,12.58,13.11,10.88,12.38,13.66,11.44,12.43,14.03,13.75,12.64,12.58,11.77,11.14,12.50,11.82,12.13,13.98,12.75,13.95,,14-May,13.56,11.98,12.90,11.20,11.93,12.34,11.61,11.72,13.41,12.92,12.74,12.00,11.41,11.39,11.18,12.21,12.16,13.34,12.18,13.39
4/14/2000,10.2,10.13,10.02,9.52,10.25,9.5,9.8,9.92,,15-May,12.00,13.06,12.99,11.00,12.71,13.51,11.24,12.29,14.03,13.83,12.90,13.07,12.32,11.50,12.91,11.84,12.64,13.94,13.00,14.06,,15-May,13.84,12.37,12.56,11.42,12.10,11.88,11.70,11.74,13.75,12.96,12.75,11.93,11.39,11.42,11.20,12.12,12.56,13.57,12.11,13.45
4/15/2000,10.1,10.33,10.26,9.66,9.95,9.67,10.15,9.88,,16-May,12.15,13.30,12.86,11.24,12.81,13.38,11.86,12.12,14.05,13.80,13.23,13.43,12.70,11.93,13.16,11.77,12.76,14.02,13.28,14.18,,16-May,14.36,12.51,12.42,11.48,12.29,12.15,11.60,11.53,13.46,12.80,12.78,12.21,11.43,11.51,11.46,11.80,12.96,13.39,12.19,13.84
4/16/2000,10.3,10.5,10.68,9.7,9.97,10.18,10.09,9.38,,17-May,12.27,13.32,12.57,11.35,12.79,13.26,12.06,12.06,14.10,13.91,13.53,13.53,12.86,12.31,13.19,11.99,12.70,14.09,13.39,14.53,,17-May,14.48,12.43,12.41,11.37,12.37,12.37,11.65,11.33,13.24,12.40,13.05,13.10,11.51,11.72,11.77,11.99,13.27,13.23,12.13,13.99
4/17/2000,10.4,10.69,10.63,9.83,10.3,10.34,10.4,9.33,,18-May,12.30,13.37,12.49,11.50,12.81,13.48,12.34,12.05,14.05,13.98,13.83,13.67,13.14,12.68,13.13,12.08,12.83,13.91,13.40,14.90,,18-May,14.62,12.12,12.46,11.17,12.64,12.75,11.53,11.34,13.18,12.07,13.53,13.75,11.60,12.01,12.02,12.14,13.16,13.12,12.22,13.80
4/18/2000,10.7,10.78,10.5,10,10.62,10.56,9.92,9.49,,19-May,12.33,13.51,12.45,11.70,13.09,13.76,12.58,12.18,14.05,14.02,14.04,13.81,13.20,12.77,13.20,12.19,13.18,13.86,13.66,15.06,,19-May,14.43,11.98,12.99,11.42,12.93,13.02,11.58,11.80,13.41,12.03,14.11,13.98,11.81,12.64,12.10,11.99,13.02,13.02,12.10,13.99
4/19/2000,10.8,10.9,10.6,9.95,10.78,10.49,9.73,9.97,,20-May,12.43,13.49,12.47,12.06,13.43,13.96,12.68,12.51,14.27,14.03,14.32,13.86,13.35,12.69,13.19,12.26,13.52,13.91,13.95,15.24,,20-May,13.80,11.83,12.49,11.59,13.15,13.40,11.58,12.03,13.34,12.44,14.43,13.80,11.89,12.22,12.50,11.44,13.16,13.00,12.03,14.13
4/20/2000,10.9,11.08,10.77,10.08,10.91,10.3,9.98,10.61,,21-May,12.38,13.24,12.37,12.28,13.73,14.39,12.84,12.78,14.14,13.97,14.61,13.60,13.26,12.88,13.15,12.22,13.66,13.94,14.14,15.36,,21-May,13.46,11.67,12.44,11.96,13.09,14.01,11.45,12.13,13.11,12.61,13.90,13.52,12.01,12.16,12.73,11.16,13.32,12.98,12.33,14.34
4/21/2000,11.1,11.2,10.9,10.37,10.87,10.2,10.59,11.05,,22-May,12.35,13.19,12.35,12.63,14.08,14.98,13.00,13.03,13.97,13.84,14.74,13.64,13.24,13.32,12.95,12.31,13.57,13.61,14.26,15.36,,22-May,13.26,11.58,12.71,12.09,13.33,14.35,11.68,12.24,12.86,12.59,13.25,13.30,11.62,12.64,13.02,11.17,13.39,12.70,12.86,14.70
4/22/2000,11.1,11.23,10.84,10.28,10.62,10.34,10.78,10.68,,23-May,12.26,12.88,12.63,12.99,14.31,15.38,12.97,13.20,14.06,13.90,14.79,13.76,13.05,13.70,12.88,12.38,13.53,13.34,14.29,15.18,,23-May,13.46,11.54,13.10,12.34,13.78,14.33,12.25,12.43,12.75,12.35,12.77,13.30,11.10,13.19,13.36,11.58,13.03,12.34,13.32,15.10
4/23/2000,11.1,11.11,10.81,10.15,10.55,10.64,11.05,10.71,,24-May,12.53,12.81,12.85,13.50,14.70,15.87,13.20,13.32,14.47,13.96,14.88,13.97,12.91,13.79,12.78,12.41,13.52,13.48,14.31,15.09,,24-May,13.65,11.75,13.55,12.78,14.20,14.06,12.60,12.86,12.92,12.18,12.63,13.48,10.72,13.24,13.40,12.28,12.61,12.41,13.12,15.36
4/24/2000,10.9,10.95,10.99,9.95,10.83,11.15,10.98,10.42,,25-May,12.68,12.79,12.96,13.78,14.75,16.17,13.50,13.47,14.63,14.05,14.95,14.08,12.96,13.89,13.04,12.25,13.43,13.69,14.26,15.32,,25-May,12.24,11.88,13.58,12.98,14.74,14.02,12.47,12.81,13.15,12.33,12.54,13.63,10.57,12.40,13.61,12.72,12.30,12.51,12.39,15.45
4/25/2000,10.8,11.01,10.77,9.82,11.07,11.08,10.92,9.88,,26-May,12.73,12.91,13.02,13.72,14.68,16.41,13.72,13.56,14.69,14.22,14.78,14.33,12.97,14.17,13.24,11.88,13.29,13.66,14.40,15.60,,26-May,12.41,11.90,13.20,13.41,14.96,13.93,12.58,12.29,13.41,12.65,12.42,13.83,10.42,12.13,13.80,12.57,12.24,12.54,12.28,15.53
4/26/2000,10.9,11,10.98,9.82,11.47,11.36,11.17,10.23,,27-May,12.45,13.12,12.99,13.89,14.77,16.26,13.73,13.51,14.77,14.47,14.47,14.36,13.26,14.32,13.30,11.93,13.10,13.58,14.46,16.12,,27-May,12.54,12.04,12.29,13.66,14.94,13.69,12.96,12.06,13.68,12.87,12.60,14.10,10.45,12.28,13.65,12.24,12.32,12.64,12.57,15.26
4/27/2000,10.9,10.95,10.67,9.87,11.37,11.13,10.55,10.05,,28-May,12.30,13.08,13.23,14.18,14.92,15.91,13.67,13.88,14.49,14.74,14.14,14.30,13.39,14.49,13.20,12.05,13.08,13.41,14.48,16.64,,28-May,12.76,12.02,12.09,13.59,14.65,13.74,12.55,12.51,13.74,13.22,12.83,14.38,10.53,12.69,13.20,11.74,12.50,12.54,12.88,15.10
4/28/2000,10.9,10.7,10.45,10.03,11.33,11.05,10.31,9.95,,29-May,12.35,13.38,13.53,14.45,14.98,15.74,13.74,14.13,14.32,14.86,13.89,14.38,13.17,14.90,13.01,12.25,13.21,13.44,14.50,16.92,,29-May,12.94,12.10,12.25,13.43,14.53,13.85,12.00,13.68,13.44,13.70,13.01,14.45,10.78,13.13,12.73,11.58,12.71,12.52,12.85,15.29
4/29/2000,10.9,10.6,10.84,10.37,11.35,10.7,10.43,10.75,,30-May,12.57,13.54,13.53,14.73,14.95,15.77,13.99,14.30,14.48,15.02,13.82,14.79,13.13,15.28,13.21,12.44,13.36,13.60,14.65,17.04,,30-May,12.35,12.11,12.18,13.13,14.51,14.23,11.56,13.78,13.09,13.98,13.21,14.38,11.48,13.04,12.37,11.76,12.62,12.60,12.69,15.67
4/30/2000,10.9,10.87,10.96,10.61,11.37,10.83,10.84,11.31,,31-May,12.68,13.83,13.77,14.89,14.69,15.99,14.25,14.36,14.53,15.12,13.75,15.28,13.15,15.37,13.55,12.65,13.48,13.86,14.78,17.26,,31-May,11.65,12.11,12.39,12.64,14.28,15.50,11.80,12.80,13.02,14.17,13.40,14.43,11.99,12.99,12.14,11.83,12.56,12.80,12.63,16.30
5/1/2000,11.1,11.02,10.64,11.03,11.26,10.93,10.94,11.08,,1-Jun,13.05,13.99,13.96,14.83,14.68,16.42,14.52,14.64,14.67,15.21,13.70,15.63,13.09,15.35,13.85,12.62,13.76,14.00,14.78,17.28,,1-Jun,12.80,12.69,12.68,12.35,14.32,15.00,12.43,12.86,13.25,14.20,13.69,14.46,12.34,13.07,12.15,11.86,12.51,13.12,12.67,16.51
5/2/2000,11.3,11.13,11.08,11,11.29,10.95,11.43,11.09,,2-Jun,13.31,14.13,13.83,14.66,15.09,16.36,14.50,14.65,14.88,15.21,13.79,15.85,13.07,15.32,14.03,12.69,14.01,14.25,14.84,17.15,,2-Jun,13.03,13.11,13.32,12.11,14.03,14.92,12.92,13.20,13.33,14.43,13.88,14.26,12.36,13.33,12.21,12.05,12.80,13.27,12.85,16.71
5/3/2000,11.3,11.41,11.25,11.18,11.35,11.24,11.68,11.36,,3-Jun,13.57,14.33,13.98,14.50,15.21,16.28,14.69,14.77,15.17,15.22,14.03,16.03,13.15,15.47,13.90,12.83,14.03,14.51,14.94,17.37,,3-Jun,12.72,13.33,13.85,12.15,14.25,15.11,13.63,13.17,13.19,14.46,13.83,14.25,12.16,13.53,12.35,12.14,13.07,13.40,12.94,16.81
5/4/2000,11.4,11.55,11.43,11.16,11.31,11.73,11.5,11.48,,4-Jun,13.63,14.39,14.12,14.44,15.45,16.33,14.89,14.99,15.36,15.24,14.37,16.21,13.29,15.58,13.89,13.05,14.08,14.77,15.00,17.64,,4-Jun,12.55,13.23,14.27,12.27,14.68,15.34,13.68,13.08,13.31,14.60,13.85,14.55,11.92,13.62,12.83,12.36,13.01,13.62,13.08,16.90
5/5/2000,11.7,11.76,11.65,11.19,11.63,11.9,11.5,10.86,,5-Jun,13.85,14.56,14.43,14.28,15.62,16.20,14.94,15.47,15.53,15.30,14.88,16.16,13.45,15.42,14.09,13.12,14.03,15.05,15.13,17.99,,5-Jun,12.53,13.15,14.45,12.30,14.35,15.48,13.59,13.30,12.91,15.05,13.75,14.83,12.00,13.74,13.38,12.67,12.76,13.70,13.37,17.00
5/6/2000,11.8,11.95,11.85,11.32,12.11,11.83,11.6,10.78,,6-Jun,14.27,14.67,14.75,13.98,15.53,16.02,14.56,15.88,15.35,15.34,15.14,15.83,13.44,15.46,14.40,13.14,14.00,15.48,15.33,18.33,,6-Jun,12.96,12.93,14.95,12.45,14.78,15.71,13.48,13.63,12.82,15.16,14.17,14.96,11.99,13.83,13.49,12.80,12.86,13.82,13.80,17.07
5/7/2000,12.1,12.05,12.67,11.7,12.32,12.19,11.65,10.65,,7-Jun,14.58,14.72,15.10,13.68,15.47,16.38,14.29,15.98,15.23,15.41,15.42,15.67,13.36,15.43,14.42,13.27,14.13,15.70,15.55,18.63,,7-Jun,13.63,12.89,15.18,12.45,14.68,16.40,13.23,13.95,13.13,15.33,14.75,14.83,11.82,13.58,13.09,12.64,13.27,14.37,14.06,17.20
5/8/2000,12.2,12.27,12.12,11.93,12.14,12.25,11.24,10.76,,8-Jun,14.71,14.73,15.33,13.52,15.38,16.84,14.25,16.05,15.27,15.53,15.50,15.90,13.36,15.56,14.50,13.28,14.13,15.70,15.83,18.90,,8-Jun,13.75,12.80,15.60,12.14,14.78,16.55,12.87,13.95,13.57,15.43,15.30,15.05,11.60,13.66,12.50,12.59,13.53,14.62,14.26,17.63
5/9/2000,12.3,12.18,12.03,12,12.2,12.03,11.05,10.85,,9-Jun,14.70,14.92,15.54,13.57,15.45,17.07,14.50,16.03,15.38,15.92,15.47,16.14,13.30,15.86,14.39,13.63,13.78,15.98,16.07,19.12,,9-Jun,13.56,12.80,15.28,11.88,14.48,16.33,12.68,14.38,14.06,15.45,15.54,15.04,11.49,13.92,12.32,12.95,13.76,14.95,14.43,17.69
5/10/2000,12.1,12.07,12.03,11.86,12.18,11.62,11,10.83,,10-Jun,14.87,15.01,15.84,13.77,15.38,17.00,14.57,15.98,15.51,16.03,15.75,16.10,13.06,15.98,14.43,13.93,13.64,16.21,16.12,18.89,,10-Jun,13.23,12.85,15.32,11.90,14.18,16.38,12.80,14.61,14.42,15.37,15.61,15.00,11.33,14.21,12.46,13.10,13.37,15.17,14.54,17.89
5/11/2000,11.9,11.98,12.04,11.43,11.99,11.34,10.87,10.88,,11-Jun,15.03,14.99,16.12,14.01,15.38,16.90,14.81,16.10,15.30,15.96,15.97,15.95,12.92,16.08,14.66,14.08,13.79,16.30,16.28,18.54,,11-Jun,13.39,13.08,15.45,12.57,14.42,16.34,13.24,14.83,14.80,15.65,15.43,15.10,11.23,14.44,12.73,12.80,13.26,15.29,14.68,18.33
5/12/2000,11.9,12.06,12.65,11.58,11.86,11.33,11.09,11.17,,12-Jun,15.23,14.87,16.46,14.21,15.40,16.10,14.80,16.27,15.18,15.75,16.07,16.06,13.11,16.04,15.13,14.16,13.96,16.38,16.42,18.44,,12-Jun,14.10,13.51,15.37,12.90,14.50,16.08,13.89,14.95,15.08,15.45,15.51,15.31,11.62,14.46,13.00,12.47,13.36,15.29,14.84,18.68
5/13/2000,12.2,12.29,12.76,11.66,11.79,11.89,11.37,11.18,,13-Jun,15.29,14.71,16.76,14.38,15.63,15.80,14.94,16.39,15.15,15.92,16.12,16.12,13.42,16.23,15.27,14.17,14.20,16.50,16.40,18.42,,13-Jun,14.48,14.16,15.57,12.90,14.79,15.77,14.18,15.31,15.13,15.14,15.69,15.97,11.96,14.32,13.30,12.30,13.52,15.62,14.92,18.73
5/14/2000,12.4,12.43,12.57,12.13,11.93,11.58,11.51,11.39,,14-Jun,15.20,14.87,16.80,14.79,16.14,16.01,15.01,16.44,15.10,16.00,16.13,16.15,13.48,16.35,14.90,14.41,14.21,16.68,16.12,18.89,,14-Jun,14.43,14.45,15.73,13.67,15.41,16.01,14.35,15.70,14.93,15.11,15.68,16.20,12.15,14.40,13.57,12.40,13.48,15.88,14.86,18.49
5/15/2000,12.7,12.5,12.33,12.84,12.1,11.97,12.2,11.85,,15-Jun,15.18,15.19,16.72,14.85,16.42,16.08,15.18,16.58,15.18,16.17,16.18,16.01,13.60,16.52,14.63,14.31,14.48,16.95,16.04,19.23,,15-Jun,14.50,14.41,15.88,13.75,16.08,16.18,14.42,16.04,14.75,15.03,15.41,16.57,12.56,14.54,13.62,12.69,13.27,16.16,14.86,18.41
5/16/2000,12.8,12.61,12.4,12.59,12.29,12.44,11.65,12.05,,16-Jun,15.10,15.47,16.62,15.19,16.39,16.38,15.20,16.80,15.42,16.38,16.26,15.88,13.92,16.50,14.48,14.21,14.81,17.21,15.90,19.45,,16-Jun,14.63,14.31,16.02,14.25,16.46,16.48,14.60,16.09,14.63,15.04,15.29,16.70,12.83,14.88,13.60,13.06,13.23,16.28,14.90,18.54
5/17/2000,12.8,12.65,12.58,12.85,12.37,12.3,11.69,12.54,,17-Jun,14.84,15.66,16.73,15.38,16.55,16.50,15.18,17.18,15.85,16.43,16.21,15.92,14.17,16.62,14.51,14.20,15.22,17.28,15.90,19.42,,17-Jun,14.61,13.96,16.13,14.75,16.82,16.33,14.43,16.35,15.28,15.05,15.37,17.02,12.75,15.23,13.62,13.23,13.59,16.51,14.87,18.50
5/18/2000,12.8,12.9,12.84,13.16,12.64,12.43,11.93,13.43,,18-Jun,14.93,15.87,16.65,15.70,16.63,16.43,15.40,17.26,16.19,16.69,16.21,15.84,14.49,16.90,14.96,14.11,15.27,17.40,15.88,19.65,,18-Jun,14.53,14.20,16.18,15.22,16.94,16.29,13.99,16.62,15.50,15.30,15.44,17.01,12.39,15.68,13.68,13.13,13.84,17.00,14.80,18.80
5/19/2000,13.1,13.28,13.16,13.38,12.93,12.39,12.38,14.05,,19-Jun,15.14,15.80,16.51,16.03,16.47,16.70,15.58,17.08,16.51,16.92,16.18,16.09,14.95,17.04,15.09,14.11,15.22,17.14,16.06,19.67,,19-Jun,15.13,14.84,16.23,15.38,16.85,16.55,13.80,16.54,15.15,15.49,15.65,16.65,12.67,15.98,14.15,13.07,13.95,17.25,14.91,19.11
5/20/2000,13.4,13.56,13.44,13.49,13.15,12.78,13.01,14,,20-Jun,15.20,15.69,16.84,16.10,16.51,17.04,15.79,16.73,16.90,17.28,16.18,16.45,15.32,17.04,15.10,14.31,15.51,16.83,16.25,19.67,,20-Jun,15.15,15.20,16.48,15.25,16.82,18.08,14.09,16.58,15.78,15.50,15.78,16.46,13.42,16.18,14.56,13.18,14.11,17.01,15.15,19.50
5/21/2000,13.7,13.83,13.85,13.7,13.09,13.09,13.83,13.87,,21-Jun,15.17,15.63,17.21,16.21,16.70,17.33,16.06,16.46,17.26,17.54,16.33,16.80,15.43,16.86,15.19,14.73,15.83,16.72,16.19,19.77,,21-Jun,15.02,15.28,16.66,15.16,16.75,17.40,14.88,16.50,16.13,15.61,15.90,16.41,14.06,16.28,14.63,13.14,14.50,16.71,15.26,19.55
5/22/2000,14.1,14.24,14.17,13.85,13.33,13.57,14.43,13.52,,22-Jun,15.19,15.58,17.50,16.35,16.92,17.57,16.37,16.35,17.56,17.51,16.57,16.98,15.49,16.67,15.31,15.02,15.73,16.91,16.15,19.88,,22-Jun,15.14,15.12,16.96,14.98,16.68,16.73,15.60,16.41,16.27,15.99,16.03,16.60,14.43,15.94,14.62,13.47,15.23,16.73,15.41,19.72
5/23/2000,14.3,14.53,14.37,14.25,13.78,14.45,14.48,13.52,,23-Jun,15.21,15.75,17.67,16.59,16.98,17.60,16.53,16.41,17.68,17.67,16.69,16.95,15.62,16.70,15.56,14.95,15.52,17.26,16.42,19.87,,23-Jun,15.10,15.25,16.79,15.10,16.71,16.77,16.11,16.41,16.41,16.41,16.24,16.81,14.71,15.82,14.62,13.77,15.60,16.85,15.46,19.78
5/24/2000,14.7,14.73,14.64,14.27,14.2,14.86,14.23,13.78,,24-Jun,15.33,16.13,17.68,16.80,17.17,17.54,16.59,16.59,17.99,17.63,17.01,16.79,15.66,17.10,15.82,14.98,15.63,17.20,16.67,20.08,,24-Jun,15.03,15.58,16.56,15.06,16.47,17.04,16.60,16.55,16.66,16.45,16.40,16.66,14.49,15.94,14.51,13.69,15.74,16.78,15.44,20.03
5/25/2000,14.8,14.66,14.74,14.16,14.74,14.78,13.96,13.58,,25-Jun,15.72,16.39,17.48,16.62,17.60,17.35,16.63,16.88,18.11,17.61,17.49,16.79,15.82,17.25,16.10,15.20,15.69,17.05,16.86,20.37,,25-Jun,14.58,15.81,16.20,15.02,16.88,16.70,16.85,16.91,17.31,16.41,16.60,16.76,14.32,16.24,14.43,13.91,16.02,16.97,15.48,20.29
5/26/2000,14.7,14.75,14.78,14.08,14.96,14.45,13.93,13.09,,26-Jun,16.03,16.59,17.40,16.45,18.07,17.39,16.89,17.21,18.22,17.75,17.88,17.04,15.86,17.22,16.19,15.30,15.73,16.94,16.93,20.72,,26-Jun,14.13,15.97,16.26,15.18,17.10,17.20,16.55,18.20,17.58,16.67,16.93,16.78,14.50,16.48,14.61,14.32,16.15,16.88,15.31,20.41
5/27/2000,14.8,14.92,14.85,14.24,14.94,14.16,14,12.74,,27-Jun,16.06,16.26,17.58,16.46,18.50,17.50,17.04,17.52,18.30,17.78,18.20,17.31,16.22,17.13,16.29,15.45,15.91,16.92,17.13,21.11,,27-Jun,13.05,16.26,16.50,15.35,17.50,17.34,16.18,18.53,17.79,17.10,17.33,16.81,14.62,16.59,15.03,14.58,16.06,17.43,15.30,20.54
5/28/2000,14.9,15,14.84,14.37,14.65,14.19,13.68,12.68,,28-Jun,16.18,15.93,17.90,16.33,19.02,17.58,17.00,17.77,18.52,17.71,18.20,17.44,16.64,17.35,16.59,15.63,16.20,17.10,17.40,21.31,,28-Jun,14.97,16.44,16.62,15.49,18.08,17.13,16.04,17.92,18.36,17.08,17.69,16.87,14.88,16.68,15.34,14.37,15.81,17.43,15.32,20.80
5/29/2000,15,15.05,14.82,14.53,14.53,14.24,13.24,12.9,,29-Jun,16.31,16.08,18.22,16.30,19.26,17.83,17.05,17.93,18.80,17.91,18.19,17.70,17.15,17.67,16.82,15.64,16.25,17.57,17.47,21.45,,29-Jun,15.82,16.62,16.68,15.53,18.35,17.39,15.99,18.21,18.85,16.93,18.29,17.03,15.25,16.74,15.59,14.35,15.84,17.43,15.45,21.01
5/30/2000,15,14.78,14.78,14.53,14.51,13.93,13.15,12.92,,30-Jun,16.63,16.26,18.41,16.40,19.09,18.15,17.35,18.05,18.92,18.48,18.22,17.89,17.32,17.66,16.72,15.67,16.25,17.79,17.65,21.61,,30-Jun,16.10,16.94,17.19,15.69,18.67,18.07,16.10,18.36,18.90,17.26,18.41,17.63,15.48,16.63,15.73,14.46,16.27,17.43,16.02,21.41
5/31/2000,14.7,14.6,14.71,14.1,14.28,13.55,13.14,12.8,,1-Jul,17.02,16.49,18.26,16.39,18.78,18.20,17.57,18.07,19.22,18.87,18.52,18.08,17.39,17.61,16.76,15.92,16.22,18.02,17.93,21.86,,1-Jul,16.10,17.16,17.50,15.90,18.73,17.31,16.12,18.64,19.06,17.51,18.53,17.89,15.63,16.66,15.84,14.58,16.46,17.99,16.42,21.63
6/1/2000,14.7,14.8,14.87,14.13,14.32,14.07,13.5,12.96,,2-Jul,17.47,16.95,17.97,16.27,18.54,18.33,17.73,18.00,19.29,18.74,18.85,18.09,17.40,18.29,16.83,16.22,16.15,18.04,18.30,21.98,,2-Jul,16.74,17.16,17.74,16.00,18.87,18.65,16.48,18.55,19.04,17.90,19.10,17.81,15.70,16.98,16.23,14.81,17.00,18.43,16.86,21.75
6/2/2000,15.1,14.98,14.81,14.28,14.03,13.48,13.24,12.44,,3-Jul,17.51,17.25,17.80,16.23,18.25,18.56,17.68,17.97,19.49,18.55,19.13,18.33,17.59,18.60,16.86,16.30,16.12,18.37,18.26,22.17,,3-Jul,16.59,17.42,17.96,15.96,18.82,19.98,16.80,18.62,19.59,18.25,19.35,18.15,16.02,17.33,16.52,15.27,17.49,18.54,17.46,21.69
6/3/2000,15.2,15.06,15.65,14.83,14.25,13.7,13.3,12.61,,4-Jul,17.50,17.58,17.94,16.35,18.18,18.88,17.64,18.16,19.47,18.63,19.28,18.75,17.78,18.86,16.83,16.30,16.03,18.39,18.13,22.33,,4-Jul,16.56,17.63,17.82,16.01,18.88,20.01,16.80,18.73,19.56,18.42,19.60,18.55,16.52,17.70,16.76,15.51,17.53,18.66,17.80,21.67
6/4/2000,15.4,15.17,15.94,15.1,14.68,14.78,14.86,13.83,,5-Jul,17.52,17.83,18.12,15.92,18.28,18.82,17.52,18.36,19.43,18.89,19.21,19.10,17.83,19.15,16.64,16.43,16.13,18.33,18.19,22.56,,5-Jul,16.86,18.15,17.65,16.22,18.95,19.12,16.99,18.80,19.79,18.52,19.88,18.71,16.78,18.36,17.01,15.46,17.76,18.72,18.08,21.67
6/5/2000,15.6,15.33,15.06,14.94,14.35,14.03,13.45,14.18,,6-Jul,17.68,18.13,18.52,16.84,18.50,18.60,17.67,18.61,19.67,19.11,19.06,19.23,17.95,18.95,17.00,16.65,16.33,18.59,18.50,22.79,,6-Jul,17.20,18.44,17.77,16.73,18.98,20.35,17.18,18.95,19.98,18.81,20.45,18.80,17.20,18.86,17.22,15.48,17.97,18.74,18.26,21.75
6/6/2000,15.5,15.25,15.25,15.29,14.78,14.45,13.47,14.83,,7-Jul,18.22,18.42,18.99,16.85,18.88,18.63,17.75,18.79,19.65,19.23,18.98,19.24,18.10,18.75,17.43,16.86,16.65,19.00,18.88,22.58,,7-Jul,17.79,18.63,18.20,16.63,19.18,20.76,17.61,20.25,20.16,19.57,20.63,19.17,17.44,18.99,17.25,15.78,18.12,18.77,18.33,21.82
6/7/2000,15.5,15.37,15.22,15.55,14.68,14.15,14.44,15.45,,8-Jul,18.70,18.60,19.33,16.78,19.00,18.81,17.79,18.84,19.57,19.21,19.33,19.24,18.33,18.58,17.83,16.85,17.18,19.32,19.22,22.57,,8-Jul,17.84,18.74,18.55,17.18,19.29,20.21,17.91,18.78,20.39,19.50,20.76,19.60,17.46,19.22,17.54,16.06,18.26,18.78,18.21,21.94
6/8/2000,15.4,15.43,15.38,15.52,14.78,14,14.53,15.56,,9-Jul,18.59,18.73,19.58,16.83,18.89,19.16,17.83,19.01,19.61,19.02,19.98,19.32,18.67,18.64,18.19,16.87,17.55,19.73,19.41,22.80,,9-Jul,18.16,18.53,19.17,17.28,19.31,21.65,18.48,19.64,20.26,19.64,20.88,20.09,17.74,19.45,18.00,16.25,18.56,19.01,18.20,22.00
6/9/2000,15.4,15.41,15.48,15.1,14.48,14.24,14.86,15.59,,10-Jul,18.54,18.81,19.65,17.23,18.94,19.50,17.92,19.36,19.63,19.07,20.14,19.83,18.73,19.05,18.37,17.10,17.68,19.88,19.58,22.65,,10-Jul,18.89,18.00,19.85,17.59,19.66,21.46,18.91,20.55,20.07,19.77,21.08,20.21,17.86,19.65,18.24,16.44,19.02,19.21,18.26,22.23
6/10/2000,15.4,15.5,15.54,14.93,14.18,14.4,15.27,15.58,,11-Jul,18.90,18.88,19.57,17.51,18.86,19.59,18.23,19.55,19.80,19.31,20.20,20.21,18.74,19.35,18.56,17.04,17.80,19.79,19.72,22.37,,11-Jul,19.67,17.66,20.03,18.25,20.02,21.50,18.96,19.99,20.23,19.99,21.59,20.33,17.96,19.85,18.70,16.68,19.15,19.42,18.29,22.18
6/11/2000,15.4,15.5,15.75,14.83,14.42,14.74,15.36,15.25,,12-Jul,19.36,19.03,19.74,17.74,18.94,19.85,18.60,19.90,20.07,19.78,20.08,20.56,18.78,19.29,18.35,16.95,18.05,19.68,20.01,22.25,,12-Jul,19.66,17.82,20.39,18.59,20.28,21.28,19.63,19.89,20.78,19.97,21.50,20.51,17.93,19.96,19.04,16.92,19.38,19.85,18.46,22.59
6/12/2000,15.4,15.67,15.95,14.7,14.5,15.1,15.5,14.85,,13-Jul,19.65,19.21,19.94,17.92,19.27,19.97,18.78,20.10,20.48,19.86,20.10,20.71,19.10,19.10,17.99,17.05,18.07,19.64,20.29,22.49,,13-Jul,19.80,18.23,20.44,18.60,20.32,21.79,19.73,20.00,20.98,20.00,21.32,20.81,18.13,20.35,19.28,17.05,19.59,20.36,18.98,22.60
6/13/2000,15.6,15.91,15.65,14.61,14.79,15.38,15.6,14.03,,14-Jul,19.83,19.42,20.18,17.85,19.36,19.90,18.71,20.21,20.70,19.87,20.43,21.00,19.40,19.17,18.25,17.28,18.21,20.02,20.27,22.61,,14-Jul,20.32,18.67,20.67,18.38,20.51,21.43,19.48,20.59,21.05,20.45,21.35,21.08,18.29,20.31,19.16,17.12,19.93,20.38,19.32,21.95
6/14/2000,16.2,16.09,15.69,14.96,15.41,15.74,15.66,14.13,,15-Jul,19.89,19.61,20.45,17.93,19.30,19.58,18.75,20.31,20.87,19.98,20.65,21.11,19.63,19.25,18.61,17.49,18.30,20.18,20.69,22.50,,15-Jul,20.26,18.72,20.79,18.61,20.56,20.93,19.89,20.70,21.21,20.52,21.46,21.26,18.51,20.31,18.97,17.06,20.08,20.51,19.62,21.63
6/15/2000,16.4,16.06,15.73,15.22,16.08,16.13,15.5,13.98,,16-Jul,19.78,19.48,20.78,18.23,19.31,19.06,18.98,20.33,20.96,20.10,20.84,21.06,19.68,19.56,18.98,17.50,18.40,20.35,21.02,22.48,,16-Jul,20.10,19.03,21.03,18.60,20.60,21.16,19.73,20.63,21.63,20.63,21.80,21.54,18.64,20.34,19.12,17.06,20.35,20.70,19.97,21.66
6/16/2000,16.4,16.01,16.6,16.25,16.46,16.16,15.1,14.88,,17-Jul,19.49,19.12,21.02,18.25,19.55,18.97,19.31,20.41,21.02,20.35,20.64,21.05,19.51,20.16,19.05,17.53,18.70,20.33,21.02,22.40,,17-Jul,20.25,19.53,21.45,18.27,20.80,21.14,19.78,21.30,21.93,20.81,21.75,21.75,18.87,20.65,19.39,17.13,20.41,20.90,20.08,21.79
6/17/2000,16.5,16.23,17.05,16.75,16.82,16.32,15.83,15.95,,18-Jul,19.23,18.90,21.03,18.30,19.60,19.07,19.71,20.65,21.11,20.63,20.37,21.03,19.37,20.45,19.04,17.46,18.85,20.47,20.71,22.56,,18-Jul,19.96,19.75,21.63,18.42,20.56,21.12,20.14,21.48,21.52,20.95,21.96,21.69,19.11,20.77,19.42,17.23,20.40,21.05,20.64,21.97
6/18/2000,16.6,16.44,16.23,16.67,16.94,15.96,15.42,15.8,,19-Jul,19.34,19.15,21.01,18.60,19.68,19.25,19.90,20.86,21.04,20.70,20.39,21.08,19.22,20.38,18.99,17.45,18.91,20.64,20.66,22.84,,19-Jul,19.91,19.93,21.97,19.03,20.69,21.05,20.39,22.18,21.81,20.95,21.93,21.63,19.41,20.72,19.63,17.56,20.78,21.20,20.78,22.08
6/19/2000,16.5,16.13,16.15,16.57,16.85,15.73,14.88,15.75,,20-Jul,19.47,19.56,21.05,18.93,19.86,19.34,19.93,21.04,21.06,20.58,20.57,21.12,19.33,20.37,19.10,17.70,18.94,20.66,20.77,22.87,,20-Jul,19.91,20.05,22.10,18.81,20.84,21.03,20.58,22.03,21.44,20.95,21.70,21.80,19.43,20.80,19.86,17.60,20.94,21.38,21.00,21.95
6/20/2000,16.5,16.35,16.28,17.04,16.82,15.7,15.43,16.23,,21-Jul,19.70,19.63,21.41,18.98,20.04,19.15,20.10,21.52,21.19,20.70,20.94,21.00,19.60,20.63,19.19,17.73,18.95,20.76,20.74,22.61,,21-Jul,20.01,19.92,22.18,19.25,21.61,21.03,20.76,22.97,21.93,21.09,21.63,21.78,19.58,20.75,19.92,17.77,21.25,21.41,20.98,22.22
6/21/2000,16.7,16.81,16.63,17.15,16.75,15.69,16.2,16.93,,22-Jul,20.06,19.65,21.84,19.13,20.12,19.26,20.40,21.69,21.28,20.79,21.42,21.16,19.62,20.62,19.49,17.71,18.88,20.80,20.78,22.15,,22-Jul,20.35,19.94,22.24,19.80,20.58,21.26,21.30,23.85,21.88,21.31,21.62,21.70,19.68,20.65,19.84,17.90,21.20,21.43,20.96,22.42
6/22/2000,16.9,17.1,17.14,17.18,16.68,16.08,16.18,16.73,,23-Jul,20.35,19.78,22.07,19.08,20.21,19.61,20.65,21.42,21.46,20.92,21.73,21.44,19.33,20.63,19.88,17.82,18.85,20.84,20.67,21.86,,23-Jul,20.79,19.95,22.09,20.02,20.75,21.66,21.23,22.96,21.73,21.37,21.67,21.60,19.78,20.63,20.16,17.80,21.22,21.66,20.81,22.70
6/23/2000,17,17.32,17.35,17.33,16.71,16.68,16.73,17.11,,24-Jul,20.52,19.97,21.94,18.91,20.30,19.97,20.80,21.28,21.75,20.90,22.06,21.47,19.21,20.73,20.28,18.15,19.03,21.04,20.28,21.72,,24-Jul,21.27,20.31,21.97,20.34,20.90,21.63,21.18,23.03,21.68,21.44,21.74,21.58,19.63,21.04,20.31,17.99,21.38,21.72,20.82,22.44
6/24/2000,17.2,17.55,17.57,17.35,16.47,16.74,16.82,17.71,,25-Jul,20.63,20.08,22.01,18.84,20.38,20.25,20.92,21.18,21.87,20.81,22.09,21.37,19.43,21.07,20.51,18.31,19.38,21.20,20.33,21.69,,25-Jul,21.73,20.44,22.00,20.56,20.77,22.08,21.19,22.48,22.07,21.43,21.84,21.72,19.58,20.94,20.28,18.44,21.39,21.68,20.73,22.21
6/25/2000,17.6,17.86,18.68,17.75,16.88,17.8,18.39,18,,26-Jul,20.81,20.20,22.16,18.96,20.47,20.40,20.74,21.05,21.81,20.98,21.88,21.30,19.54,21.21,20.67,18.41,19.64,21.36,20.50,21.44,,26-Jul,21.43,20.38,22.41,20.75,20.92,22.37,21.31,22.34,21.65,21.46,21.97,21.87,19.77,20.84,20.40,18.52,21.36,21.70,20.68,22.20
6/26/2000,18.1,18.38,18.95,18.1,17.1,18.1,19.61,18.97,,27-Jul,20.90,20.52,22.45,19.25,20.55,20.36,20.43,21.18,21.85,21.29,21.89,21.15,19.82,21.68,20.81,18.32,19.43,21.19,20.71,21.30,,27-Jul,21.70,20.43,22.61,20.89,20.97,22.01,21.64,23.05,22.74,21.36,21.94,21.98,20.01,20.85,20.66,18.66,21.44,21.73,20.59,22.00
6/27/2000,18.5,18.7,19.56,18.33,17.5,18.41,19.69,19.43,,28-Jul,20.79,20.78,22.72,19.67,20.69,20.41,20.23,21.69,22.13,21.52,21.67,21.40,20.02,22.36,20.85,18.48,19.33,20.86,20.94,21.56,,28-Jul,21.98,20.57,22.53,21.22,21.36,21.53,21.61,23.45,22.40,21.40,21.79,21.95,20.21,21.04,20.83,18.88,21.69,21.71,20.72,21.69
6/28/2000,19,18.84,19.08,18.15,18.08,18.25,19.04,20.15,,29-Jul,20.86,21.01,22.85,19.77,20.99,20.26,20.36,22.09,22.02,21.58,21.50,21.33,19.97,22.60,20.70,18.74,19.38,20.77,21.13,21.88,,29-Jul,22.18,20.53,22.68,21.19,21.21,21.61,21.68,23.61,22.10,21.45,21.92,21.93,20.20,21.29,20.88,19.23,21.75,21.65,20.94,21.27
6/29/2000,19.3,18.79,18.68,18.23,18.35,18.03,18.65,19.8,,30-Jul,20.91,20.94,22.54,19.69,21.33,20.10,20.68,22.38,22.08,21.79,21.33,21.13,19.85,22.87,20.58,19.10,19.31,20.80,21.28,22.12,,30-Jul,22.04,20.29,22.53,21.27,21.87,21.59,21.61,23.76,21.58,21.57,22.10,22.13,20.02,21.57,20.64,19.40,21.58,21.57,21.10,21.15
6/30/2000,19.1,18.72,18.7,18.18,18.67,18.56,18.64,20.2,,31-Jul,20.75,20.88,22.48,19.70,21.56,20.09,20.70,22.47,22.15,21.89,21.19,21.12,19.80,23.15,20.55,19.24,19.24,21.08,21.40,22.35,,31-Jul,21.75,20.35,22.48,21.16,21.45,21.28,21.63,23.07,22.07,21.67,21.98,22.17,20.04,21.68,20.65,19.44,21.58,21.53,21.27,21.16
7/1/2000,18.8,18.71,18.75,17.87,18.73,18.63,18.32,19.7,,1-Aug,20.87,20.93,22.14,19.79,21.56,20.06,20.74,22.16,22.09,21.77,21.22,21.30,19.65,23.21,20.63,19.37,19.26,21.10,21.47,22.41,,1-Aug,21.75,20.48,22.25,21.20,21.96,21.33,22.00,22.48,22.43,21.50,21.47,22.08,19.98,21.77,20.89,19.78,21.57,21.41,21.36,21.38
7/2/2000,18.5,18.61,18.69,17.97,18.87,18.8,18.85,19.7,,2-Aug,20.54,21.01,22.07,19.98,21.43,20.16,20.55,22.03,22.06,21.68,21.16,21.72,19.60,23.50,20.77,19.52,19.34,21.00,21.50,22.22,,2-Aug,21.64,20.43,22.14,21.05,22.53,21.04,21.64,22.85,22.43,21.53,21.13,22.04,20.00,21.91,21.09,19.93,21.63,21.33,21.41,21.32
7/3/2000,18.3,18.46,18.57,17.9,18.82,18.77,18.94,19.76,,3-Aug,20.34,21.18,22.33,20.15,21.29,20.27,20.45,21.85,21.86,21.70,21.14,21.76,19.63,23.31,20.84,19.70,19.62,21.03,21.63,21.93,,3-Aug,21.53,20.65,22.04,21.20,22.65,21.09,21.75,22.34,22.13,21.53,21.18,21.96,19.98,21.97,21.11,19.93,21.58,21.63,21.43,21.33
7/4/2000,18.2,18.34,18.5,18,18.88,18.65,18.98,19.73,,4-Aug,20.07,21.44,22.59,20.43,21.41,20.13,20.35,21.79,22.07,21.79,21.05,21.62,19.83,22.99,21.02,19.93,19.91,21.32,21.89,21.62,,4-Aug,21.29,21.05,22.25,21.32,21.93,21.13,21.38,22.40,22.66,21.57,21.35,22.00,20.04,22.09,21.17,20.14,21.57,21.20,21.34,21.29
7/5/2000,18.3,18.58,18.53,18.22,18.95,18.72,19.18,19.73,,5-Aug,19.85,21.68,22.80,20.78,21.73,20.23,20.14,21.89,22.12,22.04,21.15,21.50,20.15,22.52,21.44,19.96,20.25,21.63,21.67,21.30,,5-Aug,20.96,21.03,22.75,21.30,22.35,21.54,21.31,22.50,22.29,21.42,21.41,22.08,19.96,22.16,21.17,20.11,21.57,20.96,21.33,21.30
7/6/2000,18.5,18.65,18.47,18.2,18.98,18.77,19.43,19.53,,6-Aug,20.00,21.94,22.75,20.81,21.90,20.61,20.19,21.90,22.03,22.19,21.57,21.26,20.31,22.02,21.55,19.97,20.57,22.00,21.43,21.17,,6-Aug,20.70,21.06,22.41,21.39,22.31,21.83,21.18,21.88,22.30,21.37,21.33,22.03,20.10,22.04,21.15,20.42,21.54,21.06,21.26,21.33
7/7/2000,18.9,18.71,18.59,18.42,19.18,19.47,19.87,20.04,,7-Aug,20.45,21.90,22.34,20.86,21.92,21.01,20.05,21.98,21.83,22.14,21.65,20.95,20.55,21.39,21.43,19.95,20.75,22.18,21.38,21.20,,7-Aug,21.40,21.16,22.22,21.47,22.23,22.17,21.12,22.32,21.98,21.48,21.44,21.93,20.37,21.98,21.07,20.69,21.58,21.20,21.48,21.24
7/8/2000,19,18.81,18.5,18.4,19.29,19.51,20.2,20.35,,8-Aug,20.85,21.92,22.05,20.87,21.81,21.31,20.18,22.30,21.96,22.10,21.30,20.82,20.61,20.97,21.52,19.99,20.67,21.95,21.10,21.55,,8-Aug,21.40,21.27,22.19,21.42,22.44,22.64,21.06,22.43,22.37,21.54,21.43,22.00,20.33,21.97,21.13,20.73,21.51,21.33,21.72,21.12
7/9/2000,18.9,18.6,18.59,17.95,19.31,19.28,19.38,19.36,,9-Aug,21.14,21.78,22.10,21.05,21.82,21.39,20.37,22.28,21.98,21.98,21.18,20.84,20.58,21.06,21.35,19.96,20.57,21.77,21.20,21.80,,9-Aug,21.40,21.23,22.23,21.44,22.36,22.84,21.18,22.24,22.28,21.49,21.54,22.23,20.20,21.72,21.23,20.79,21.75,21.35,21.85,21.00
7/10/2000,18.9,18.7,18.89,18.32,19.66,19.78,19.57,19.35,,10-Aug,21.17,22.15,22.13,21.22,21.64,21.73,20.62,22.15,22.45,21.71,21.27,20.75,20.40,21.29,20.93,19.82,20.53,21.75,21.54,22.17,,10-Aug,21.40,20.90,22.10,21.51,22.16,22.79,21.04,21.99,21.88,21.34,21.81,22.09,20.42,21.28,21.11,20.78,21.74,21.27,21.63,20.90
7/11/2000,18.9,19.11,19.07,19.03,20.02,20.1,20.01,19.62,,11-Aug,20.91,22.45,22.42,21.09,21.40,21.86,20.65,22.15,22.77,21.57,20.93,20.85,20.53,21.50,20.94,19.86,20.66,21.74,21.92,22.17,,11-Aug,21.40,21.04,22.58,21.40,21.97,23.18,21.05,22.34,22.15,21.33,21.84,21.92,20.45,21.32,21.04,20.79,21.63,21.29,21.57,20.92
7/12/2000,19,19.27,19.07,19.23,20.28,20.36,20.35,19.68,,12-Aug,20.71,22.62,22.76,20.88,21.18,21.80,20.70,22.11,23.05,21.43,20.75,20.72,20.72,21.75,21.15,20.04,21.04,21.78,22.29,22.20,,12-Aug,21.40,21.25,22.54,21.50,22.25,23.41,21.38,22.42,22.50,21.47,21.71,21.65,20.42,21.39,21.07,20.77,21.52,21.25,21.47,21.11
7/13/2000,19.3,19.22,18.95,19.14,20.32,20.25,19.75,19.05,,13-Aug,20.74,22.76,23.06,20.70,21.04,21.85,20.71,22.02,23.19,21.42,21.00,20.73,20.69,21.84,21.30,20.17,21.30,21.82,22.35,22.16,,13-Aug,22.10,21.08,22.53,21.38,22.05,22.85,21.62,22.73,22.58,22.03,21.44,21.70,20.33,21.42,21.14,20.75,21.41,21.25,21.56,21.10
7/14/2000,19.4,19.08,19,18.91,20.51,20.26,18.95,19.1,,14-Aug,20.84,22.76,23.25,20.37,20.78,21.92,20.79,21.95,23.06,21.71,21.25,21.02,20.90,21.56,21.56,20.09,21.39,21.83,22.33,21.94,,14-Aug,22.45,21.06,22.83,21.05,21.81,23.08,21.40,22.43,22.27,21.25,21.45,21.69,20.38,21.45,21.04,20.96,21.47,21.22,21.60,21.07
7/15/2000,19.3,19.05,19.75,19.55,20.56,20.32,19.55,19.67,,15-Aug,20.80,22.39,23.00,20.32,20.66,21.95,20.89,22.00,22.85,22.04,21.15,21.23,21.28,21.13,21.96,20.07,21.49,21.88,22.23,21.80,,15-Aug,21.43,21.28,22.25,20.75,21.69,23.54,21.29,22.37,22.09,21.02,21.43,21.59,20.59,21.33,20.96,21.06,21.53,21.20,21.65,21.29
7/16/2000,19.3,19.38,20.12,19.75,20.6,20.54,20.44,20.43,,16-Aug,20.74,22.29,22.59,20.38,20.59,21.73,20.90,21.84,22.67,22.04,20.80,21.13,21.54,20.83,22.28,20.09,21.62,22.00,22.14,21.75,,16-Aug,19.81,21.10,22.40,20.55,21.70,22.83,21.59,21.38,22.32,20.80,21.38,21.48,20.72,21.20,20.90,21.09,21.56,21.16,21.58,21.79
7/17/2000,19.5,19.6,19.68,19.61,20.8,20.37,20.51,20.6,,17-Aug,20.41,22.47,22.27,20.53,20.55,21.66,20.95,21.81,22.60,21.68,20.65,21.10,21.80,20.89,22.49,20.17,21.84,22.09,22.21,21.80,,17-Aug,19.98,20.99,22.38,20.61,21.77,21.25,21.35,21.83,21.83,20.79,21.23,21.65,20.81,21.07,21.02,20.95,21.67,21.15,21.54,21.80
7/18/2000,19.6,19.58,19.53,19.48,20.56,19.91,19.14,19.81,,18-Aug,20.06,22.37,21.95,20.55,20.39,21.60,20.79,22.00,22.51,21.73,20.78,21.07,21.68,21.08,22.27,20.15,21.85,22.12,22.53,21.92,,18-Aug,19.55,20.93,22.19,20.59,21.34,21.46,20.73,22.59,22.33,21.25,21.47,21.73,20.88,20.86,21.17,20.83,21.67,21.17,21.63,21.45
7/19/2000,19.7,19.62,19.67,19.7,20.69,19.97,19.61,20.11,,19-Aug,20.08,22.43,21.75,20.42,20.31,21.40,20.71,22.02,22.56,21.84,20.95,20.80,21.54,21.33,21.86,20.29,21.61,22.11,22.70,22.16,,19-Aug,19.46,20.98,22.13,20.40,21.29,21.62,20.61,22.26,22.58,21.13,21.24,21.73,21.06,20.78,21.27,20.99,21.58,21.14,21.67,21.15
7/20/2000,19.9,19.95,19.82,20.09,20.84,20.27,20.39,19.81,,20-Aug,20.04,22.31,21.85,20.44,20.19,21.33,20.54,21.70,22.62,21.68,21.23,20.57,21.36,21.59,21.45,20.53,21.43,21.98,22.41,22.20,,20-Aug,19.33,20.93,22.06,20.70,21.13,21.84,20.20,21.51,22.23,20.96,21.02,21.61,21.61,20.86,21.48,20.90,21.56,21.21,21.60,20.99
7/21/2000,20,20.17,20.13,20.61,21.61,21.2,22.05,21.58,,21-Aug,20.24,22.07,21.89,20.25,20.26,21.07,20.16,21.98,22.70,21.75,21.43,20.71,21.08,21.67,21.02,20.72,21.24,21.88,21.99,21.71,,21-Aug,19.28,20.86,22.08,20.45,21.05,21.14,20.28,22.02,21.70,20.88,20.96,21.54,21.41,20.69,21.51,20.75,21.68,21.18,21.70,21.01
7/22/2000,,20.27,20.15,20.01,20.58,20.58,20.85,21.28,,22-Aug,20.48,22.25,21.84,20.22,20.30,21.03,20.14,21.93,22.63,21.65,21.20,20.91,20.74,21.58,20.44,20.75,20.89,21.88,21.67,21.35,,22-Aug,19.38,20.89,21.93,20.62,20.92,21.40,20.56,21.72,21.32,20.81,21.03,21.25,21.08,20.87,21.29,20.59,21.58,21.17,21.84,21.37
7/23/2000,,20.13,20.2,20.09,20.75,20.52,19.93,20.53,,23-Aug,20.55,22.27,21.69,20.31,20.60,21.02,20.28,21.38,22.30,21.31,20.97,20.98,20.90,21.25,20.33,20.84,20.65,21.85,21.64,21.13,,23-Aug,19.23,20.74,21.83,20.55,20.83,21.23,20.49,21.32,21.45,20.76,21.31,20.90,20.82,20.82,21.20,20.70,21.58,21.13,22.00,21.27
7/24/2000,,20.36,20.32,20.58,20.9,20.53,20.4,21.2,,24-Aug,20.74,22.34,21.42,20.49,20.63,21.27,20.60,21.46,21.99,21.18,20.76,21.15,21.31,21.04,20.38,21.08,20.33,21.90,21.90,21.04,,24-Aug,19.23,20.88,21.73,20.30,20.84,21.02,20.07,21.55,21.51,21.01,21.20,20.70,20.78,20.83,21.10,20.90,21.35,21.10,21.74,21.21
7/25/2000,,20.52,20.5,20.48,20.77,20.59,20.18,21,,25-Aug,20.82,22.44,21.45,20.66,20.61,21.44,20.73,21.59,21.60,21.07,20.63,21.18,21.23,20.67,20.76,21.18,20.33,21.88,22.10,21.02,,25-Aug,19.31,20.71,21.78,20.31,20.93,21.41,20.52,21.69,21.21,21.08,21.11,20.68,20.72,20.60,20.98,20.86,21.30,21.07,21.48,21.14
7/26/2000,20.5,20.5,20.59,20.52,20.92,20.61,19.83,20.13,,26-Aug,20.74,22.66,21.28,20.79,20.48,21.65,20.68,21.63,21.52,21.11,20.85,21.04,21.09,20.65,20.90,21.27,20.41,21.76,22.42,21.06,,26-Aug,19.37,20.47,21.65,20.66,20.94,21.13,19.79,21.28,20.78,21.03,20.95,20.68,20.70,20.52,20.84,20.64,21.16,21.13,21.38,20.93
7/27/2000,20.6,20.63,20.72,20.51,20.97,20.69,20.13,20.2,,27-Aug,20.41,22.44,21.10,20.85,20.24,21.86,20.66,21.54,21.52,21.20,21.22,20.83,20.93,20.77,20.71,21.45,20.41,21.75,22.52,21.33,,27-Aug,19.33,20.28,21.81,20.52,20.93,20.70,20.15,21.45,20.36,20.85,20.82,20.71,20.55,20.53,20.72,20.69,20.88,21.22,21.37,20.90
7/28/2000,20.7,20.94,20.84,20.45,21.36,20.85,20.65,21.3,,28-Aug,20.26,22.60,21.31,20.94,20.11,21.79,20.95,21.51,21.70,21.23,21.56,20.70,20.75,20.87,20.70,21.47,20.47,21.95,22.39,21.38,,28-Aug,19.17,20.41,21.84,20.56,20.91,20.68,20.19,21.57,20.37,20.63,20.85,20.73,20.29,20.52,20.76,20.74,20.72,21.18,21.34,21.10
7/29/2000,21,21.08,20.99,20.73,21.21,20.88,20.64,21.1,,29-Aug,20.45,22.12,21.51,20.88,20.00,21.87,21.01,21.65,21.66,21.06,21.38,20.62,20.73,20.93,20.40,21.23,20.36,22.05,22.29,21.38,,29-Aug,19.20,20.43,21.68,20.28,20.82,21.55,20.58,21.39,20.42,20.45,20.84,20.59,20.16,20.39,20.69,20.62,20.64,21.05,21.25,21.05
7/30/2000,21.3,21.29,21.36,21.26,21.87,21.85,20.85,21.53,,30-Aug,20.57,22.10,21.53,20.47,20.06,21.93,20.79,21.75,21.73,20.87,20.88,20.86,20.63,20.94,20.17,20.91,20.32,22.20,22.04,21.16,,30-Aug,18.97,20.49,21.81,20.37,20.50,21.61,20.18,21.47,20.58,20.84,20.91,20.47,20.10,20.44,20.62,20.65,20.77,21.00,21.21,21.23
7/31/2000,21.6,21.41,21.11,21.3,21.45,21.58,20.75,20.97,,31-Aug,20.58,22.07,21.73,20.07,20.05,21.74,20.60,21.63,21.77,20.83,20.60,21.18,20.08,21.20,19.76,20.40,20.10,22.31,21.55,21.00,,31-Aug,18.50,20.48,21.99,20.28,20.29,20.94,20.43,21.41,20.85,21.05,20.93,20.29,20.17,20.42,20.44,20.77,20.69,21.14,21.30,21.16
8/1/2000,21.6,21.33,21.4,21.2,21.96,21.19,20.23,20.6,,1-Sep,20.54,22.05,21.90,20.04,19.93,21.50,20.54,21.45,21.55,20.99,20.26,21.18,19.73,21.20,19.46,20.10,19.86,,21.35,20.88,,1-Sep,18.41,20.88,22.69,20.15,20.18,20.68,20.57,21.72,20.55,20.77,20.75,20.34,20.18,20.41,20.20,20.54,20.47,21.17,21.40,21.17
8/2/2000,21.4,21.36,21.63,21.58,22.53,21.88,20.95,21.16,,2-Sep,20.31,22.17,21.85,20.04,19.81,21.36,20.60,21.42,20.81,20.91,19.95,21.31,19.53,21.06,19.48,20.12,19.71,,21.33,20.75,,2-Sep,18.59,20.60,22.83,19.96,20.16,21.05,20.56,21.83,20.46,20.42,20.45,20.30,20.05,20.44,20.02,20.15,20.36,21.17,21.18,20.98
8/3/2000,21.3,21.68,21.85,21.76,22.65,22.28,21.89,21.96,,3-Sep,20.03,22.33,21.84,20.23,19.70,21.28,20.50,21.34,20.42,20.72,20.07,21.42,19.30,21.06,19.50,20.05,19.62,,20.92,20.56,,3-Sep,18.03,20.73,22.69,19.53,20.01,21.20,20.44,21.64,20.47,20.18,20.20,20.40,19.69,20.38,19.88,19.99,20.35,21.23,20.87,20.82
8/4/2000,21.4,21.95,21.99,21.2,21.93,21.42,21.01,21.68,,4-Sep,19.75,22.36,21.90,20.23,19.64,21.11,20.38,21.63,20.15,20.62,20.44,21.38,19.30,21.03,19.64,19.98,19.66,,20.62,20.30,,4-Sep,17.45,20.85,23.00,19.52,19.92,21.22,20.32,22.09,20.34,20.24,20.04,20.52,19.44,20.74,19.68,19.89,20.33,21.21,20.92,20.65
8/5/2000,21.7,22.02,21.99,21.27,22.35,21.62,20.6,22.22,,5-Sep,19.56,21.92,21.94,20.08,19.39,20.68,20.19,21.81,19.80,20.49,20.55,21.05,19.28,20.96,19.39,20.37,19.87,,20.62,20.08,,5-Sep,17.11,20.74,22.91,19.43,19.72,20.95,20.34,22.48,20.27,20.30,20.11,20.48,19.33,20.62,19.52,19.87,20.38,21.23,20.86,20.45
8/6/2000,21.9,22.03,22.05,21.23,22.31,21.98,21.06,22.63,,6-Sep,19.39,21.73,21.75,19.81,19.22,20.15,20.01,21.82,19.81,20.53,20.62,20.85,19.48,20.75,19.11,20.69,19.90,,20.66,19.64,,6-Sep,17.10,20.72,22.34,19.33,19.49,20.74,20.13,22.05,20.21,20.35,20.18,20.52,19.40,20.42,19.50,19.76,20.45,21.23,20.77,20.29
8/7/2000,21.9,21.9,22.12,21.15,22.23,21.92,20.77,21.9,,7-Sep,19.57,21.64,21.68,19.48,19.33,19.75,19.73,21.60,19.87,20.60,20.52,20.61,19.74,20.45,19.10,20.73,19.87,,20.60,19.40,,7-Sep,17.22,20.77,22.52,19.38,19.42,20.71,19.88,20.83,20.11,20.15,20.18,20.69,19.44,20.18,19.57,19.58,20.33,21.66,20.72,20.15
8/8/2000,21.8,21.95,22.21,21.48,22.44,22.03,21.36,22.68,,8-Sep,19.72,21.47,21.48,19.13,19.35,19.65,19.45,21.17,19.93,20.65,20.49,20.37,19.73,20.21,18.99,20.84,19.90,,20.77,19.48,,8-Sep,17.22,20.75,21.80,19.43,19.01,20.65,19.70,20.74,20.00,19.81,20.18,20.66,19.23,19.94,19.45,19.62,20.24,21.53,20.60,20.03
8/9/2000,21.8,22.1,22.36,21.69,22.36,22.18,21.66,23.52,,9-Sep,19.71,21.10,20.87,19.09,19.13,19.68,19.50,20.80,19.82,20.28,20.30,20.14,19.84,20.15,18.95,21.03,19.82,,20.64,19.77,,9-Sep,17.33,20.85,21.11,19.38,18.92,20.55,19.88,20.72,19.79,19.58,19.96,20.51,19.10,19.81,19.43,19.81,20.16,21.38,20.52,19.88
8/10/2000,21.6,21.94,22.3,21.42,22.16,21.85,20.72,22.23,,10-Sep,19.85,20.77,20.45,18.89,19.00,19.85,19.55,20.60,19.84,19.83,20.09,19.94,19.92,20.35,18.68,21.02,19.53,,20.54,19.89,,10-Sep,17.59,20.87,20.94,19.32,18.85,20.54,19.68,20.51,19.94,19.68,20.20,20.36,19.07,19.72,20.00,19.90,20.19,21.11,20.62,19.70
8/11/2000,21.4,21.63,22.03,21.13,21.97,21.16,20.08,20.68,,11-Sep,19.80,21.05,20.44,18.90,19.07,19.12,19.87,20.41,20.03,19.80,20.13,20.07,19.83,20.43,18.50,20.98,19.30,,20.13,19.89,,11-Sep,17.37,20.65,21.10,19.51,18.78,20.44,19.38,20.26,19.65,19.70,20.22,20.23,19.06,19.74,20.00,19.98,20.10,21.02,20.52,19.67
8/12/2000,21.2,21.45,21.84,20.9,22.25,21.62,20.62,21.25,,12-Sep,19.61,20.95,20.68,18.87,19.43,19.95,19.23,20.23,19.96,19.80,20.07,20.33,19.84,20.34,18.61,20.91,19.19,,19.51,20.13,,12-Sep,17.15,20.61,21.03,19.31,19.00,20.43,19.75,20.10,19.54,19.70,20.13,20.06,19.01,19.71,20.00,20.02,19.90,21.10,20.32,
8/13/2000,21,21.35,21.63,20.45,22.05,21.46,20.67,21.28,,13-Sep,19.36,20.82,20.84,18.63,19.57,20.28,20.18,19.89,19.68,19.70,19.90,20.56,19.89,20.50,18.81,20.73,18.84,,19.46,20.29,,13-Sep,16.57,20.53,20.96,19.24,19.13,20.45,19.93,20.17,19.34,19.59,19.86,19.89,18.93,19.77,20.00,19.98,19.75,21.19,20.13,
8/14/2000,20.8,21.07,21.43,20.36,21.81,21.2,20.48,21.11,,14-Sep,19.25,20.60,20.92,18.69,19.63,20.61,20.27,19.70,19.33,19.56,19.36,20.53,19.74,20.64,18.88,20.54,18.77,,19.38,19.86,,14-Sep,16.57,20.48,21.05,19.38,19.02,20.64,19.61,19.86,19.03,19.32,19.54,19.77,18.76,19.80,20.00,19.98,19.40,21.18,19.77,
8/15/2000,20.7,21,21.14,20.56,21.69,21.29,20.42,21.12,,15-Sep,19.19,20.69,21.38,18.76,19.68,20.70,20.14,19.69,19.30,19.28,19.15,,19.50,20.62,18.88,,19.17,,19.43,19.20,,15-Sep,16.49,20.25,21.11,19.48,18.57,20.75,19.70,19.82,18.78,19.01,19.49,19.71,18.56,20.02,18.90,19.40,19.25,21.08,19.50,
8/16/2000,20.6,20.88,20.62,20.48,21.7,21.27,20.55,20.9,,16-Sep,18.83,20.50,21.58,18.57,19.52,20.66,19.88,19.56,19.16,19.03,19.07,,19.53,20.63,18.94,,19.40,,19.54,18.88,,16-Sep,16.36,19.85,21.31,19.44,18.95,20.24,19.13,19.50,18.50,18.95,19.35,19.75,18.48,20.00,18.90,19.40,19.19,21.02,19.40,
8/17/2000,20.6,20.86,20.5,20.68,21.77,21.25,20.55,21.1,,17-Sep,18.67,20.35,21.40,18.48,19.37,20.26,18.81,19.09,18.91,18.81,18.98,,19.65,,19.05,,19.39,,19.76,,,17-Sep,16.34,19.64,21.16,19.44,19.15,19.95,19.17,19.41,18.18,19.00,19.25,19.79,18.47,20.01,18.30,19.40,19.14,21.34,19.45,
8/18/2000,20.4,20.63,20.4,20.2,21.34,20.75,20.01,20.01,,18-Sep,,20.20,21.21,18.67,19.36,19.83,19.37,19.10,18.74,18.65,18.98,,,,19.15,,19.39,,19.83,,,18-Sep,16.16,19.53,20.99,19.42,19.16,19.77,19.08,19.32,18.02,19.00,19.14,19.68,18.48,20.03,17.80,19.40,19.14,21.18,19.40,
8/19/2000,20.3,20.44,20.29,20.07,21.29,20.65,19.83,19.69,,19-Sep,,20.21,20.83,18.74,19.37,19.46,19.15,19.27,18.59,18.67,18.78,,,,19.26,,19.53,,19.84,,,19-Sep,15.93,19.54,20.89,19.41,19.56,19.78,18.95,17.56,17.89,19.00,18.98,19.52,18.43,20.00,17.80,19.40,19.11,21.10,19.36,
8/20/2000,20.2,20.48,20.2,19.95,21.13,20.59,19.9,19.75,,20-Sep,,20.41,20.57,18.81,19.38,19.21,18.97,19.13,18.47,18.67,18.66,,,,19.11,,,,19.93,,,20-Sep,15.71,19.55,20.92,19.40,19.48,19.88,18.94,19.12,17.78,18.95,18.68,19.41,18.24,19.88,17.80,19.40,18.97,20.90,19.31,
8/21/2000,20.3,20.43,20.37,20.58,21.05,20.51,19.95,19.98,,21-Sep,,19.98,20.37,18.92,19.16,19.16,18.88,19.04,18.27,18.45,,,,,18.89,,,,19.93,,,21-Sep,15.42,19.73,20.81,19.36,18.94,19.93,18.83,19.10,17.67,18.81,18.47,19.17,18.21,19.82,17.80,19.40,18.86,20.33,19.26,
8/22/2000,20.3,20.6,21.04,20.71,20.92,20.53,19.83,20.39,,22-Sep,,19.95,20.34,19.00,18.49,19.11,18.68,18.97,18.18,18.24,,,,,,,,,19.96,,,22-Sep,15.14,20.05,20.70,19.47,18.30,19.95,18.55,19.07,17.65,18.60,18.17,18.91,18.14,19.86,17.80,19.40,18.79,20.02,19.26,
8/23/2000,20.6,20.75,20.95,20.67,20.83,20.85,20.1,20.88,,23-Sep,,20.25,20.33,19.02,18.09,19.10,18.66,19.13,18.07,18.20,,,,,,,,,19.85,,,23-Sep,15.12,20.05,20.66,19.31,18.06,19.90,18.43,18.89,17.62,18.49,18.00,18.61,18.13,19.79,17.20,19.40,18.78,19.88,18.90,
8/24/2000,20.6,20.86,20.28,20.46,20.84,20.19,19.41,20.35,,24-Sep,,19.72,20.26,18.64,17.66,19.22,19.04,19.20,18.03,18.07,,,,,,,,,19.65,,,24-Sep,,20.20,20.62,19.05,17.69,19.90,18.43,19.11,17.72,18.39,17.85,18.48,18.13,19.65,17.20,19.40,18.72,19.78,18.90,
8/25/2000,20.6,20.72,20.24,20.53,20.93,20.25,19.18,20.18,,25-Sep,,19.53,19.99,18.15,17.50,19.45,19.24,19.12,18.16,17.92,,,,,,,,,,,,25-Sep,,20.22,20.58,18.81,17.39,19.56,18.24,19.00,17.77,18.32,17.62,18.36,17.95,19.53,17.20,19.40,18.67,19.60,18.90,
8/26/2000,20.5,20.55,20.19,20.49,20.94,20.08,18.63,18.83,,26-Sep,,19.23,19.70,17.68,17.48,19.36,19.07,19.25,18.30,17.90,,,,,,,,,,,,26-Sep,,20.00,20.52,18.48,17.17,19.30,18.15,19.09,17.85,18.22,17.59,,17.65,19.41,17.20,19.40,18.59,18.90,18.90,
8/27/2000,20.2,20.22,20.1,20.54,20.93,19.95,18.88,18.68,,27-Sep,,18.68,19.77,17.38,17.61,19.13,18.99,19.24,18.28,17.90,,,,,,,,,,,,27-Sep,,19.73,20.56,18.29,17.08,19.26,18.11,19.26,17.93,18.15,17.62,,17.36,19.39,17.20,19.40,18.55,18.90,18.90,
8/28/2000,20.1,20.02,20.63,21.28,20.91,20.01,19.25,19.27,,28-Sep,,18.67,19.80,17.10,17.81,19.00,18.94,19.26,18.29,17.92,,,,,,,,,,,,28-Sep,,19.55,20.54,18.10,17.13,19.16,17.98,19.22,17.98,18.05,,,17.21,19.38,17.20,18.90,18.47,18.90,18.90,
8/29/2000,20,20.25,20.62,20.98,20.82,20,19.46,19.57,,29-Sep,,18.83,19.70,17.02,17.88,18.94,17.12,19.19,18.28,17.89,,,,,,,,,,,,29-Sep,,19.38,20.46,17.87,17.05,19.10,17.83,19.21,18.04,17.90,,,17.23,19.22,17.20,18.90,18.45,18.90,18.90,
8/30/2000,20.1,20.44,20.8,20.88,20.5,19.8,18.89,19.29,,30-Sep,,18.75,19.46,17.26,17.92,18.70,18.18,19.06,18.12,17.93,,,,,,,,,,,,30-Sep,,19.35,20.43,17.59,17.11,19.07,17.57,18.96,17.68,17.84,,,17.30,18.96,17.20,18.90,18.39,18.90,18.90,
8/31/2000,20.1,20.55,20.62,20.6,20.29,19.55,18.76,19.06,,1-Oct,,18.88,19.58,17.30,18.08,18.39,17.87,18.93,17.90,17.90,,,,,,,,,,,,1-Oct,,19.28,20.40,17.45,17.19,18.97,17.34,18.92,17.76,17.78,,,17.38,18.79,17.20,18.90,18.42,18.90,18.30,
9/1/2000,19.9,20.23,20.47,19.93,20.18,19.44,18.34,18.89,,2-Oct,,18.79,19.20,17.14,17.81,18.55,17.70,18.80,17.72,17.69,,,,,,,,,,,,2-Oct,,19.18,20.16,17.33,17.21,18.97,17.15,18.82,17.76,17.57,,,17.34,18.90,17.20,18.90,18.36,18.30,18.30,
9/2/2000,19.8,20.02,20.42,19.75,20.16,19.48,18.66,18.99,,3-Oct,,18.83,18.81,16.87,17.39,18.60,17.47,18.78,17.73,17.37,,,,,,,,,,,,3-Oct,,18.92,19.85,17.14,17.24,18.76,16.99,18.75,17.66,17.42,,,17.34,18.90,17.80,18.90,18.29,18.30,18.30,
9/3/2000,19.7,19.94,20.32,19.55,20.01,19.45,18.98,19.1,,4-Oct,,18.16,18.69,16.81,17.08,18.33,17.16,18.78,17.67,17.23,,,,,,,,,,,,4-Oct,,18.63,19.57,17.04,17.22,18.70,16.86,18.63,17.83,17.23,,,17.31,18.90,17.20,18.30,18.19,17.50,18.30,
9/4/2000,19.6,19.9,20.47,19.56,19.92,19.31,18.82,18.93,,5-Oct,,17.88,18.58,16.76,16.78,17.80,16.92,18.70,17.78,17.14,,,,,,,,,,,,5-Oct,,18.26,19.27,16.96,17.26,18.41,16.67,18.58,17.60,17.15,,,17.23,18.90,17.20,18.30,17.80,16.70,17.80,
9/5/2000,19.4,19.93,20.25,19.35,19.72,19.03,18.49,18.7,,6-Oct,,17.62,18.27,15.97,16.15,17.72,16.95,18.63,17.99,17.03,,,,,,,,,,,,6-Oct,,17.91,18.95,16.88,17.00,18.20,16.59,18.60,17.35,17.06,,,17.13,17.80,17.20,18.30,17.80,16.70,17.80,
9/6/2000,19.2,19.77,20.18,19.05,19.49,18.75,18.36,18.91,,7-Oct,,17.36,18.21,16.45,16.04,17.71,16.90,18.49,17.93,17.13,,,,,,,,,,,,7-Oct,,17.55,18.87,16.70,16.83,18.05,16.57,18.29,17.37,16.78,,,17.10,17.20,17.80,18.30,17.80,16.70,17.80,
9/7/2000,19.3,19.86,20.2,19.01,19.42,18.92,18.37,19.16,,8-Oct,,17.44,18.21,16.40,16.31,17.60,16.84,18.32,17.88,17.20,,,,,,,,,,,,8-Oct,,17.14,18.73,16.55,16.73,17.88,16.57,18.18,17.25,16.70,,,17.00,17.20,17.80,17.80,17.20,16.70,17.80,
9/8/2000,19.4,19.83,19.97,18.68,19.01,18.55,18,18.95,,9-Oct,,16.95,17.97,16.38,16.57,17.30,16.88,18.13,17.70,17.09,,,,,,,,,,,,9-Oct,,16.85,18.59,16.44,16.61,17.60,16.53,18.00,17.08,16.61,,,,17.20,17.20,17.80,17.20,16.70,17.80,
9/9/2000,19.1,19.41,19.65,18.51,18.92,18.4,17.87,18.68,,10-Oct,,16.56,17.82,16.23,16.22,16.88,16.55,17.90,17.46,16.95,,,,,,,,,,,,10-Oct,,16.62,18.48,16.40,16.58,17.37,16.48,17.80,17.01,16.50,,,,16.70,17.20,17.80,17.20,,17.80,
9/10/2000,19,19.15,19.4,18.52,18.85,18.3,17.8,18.48,,11-Oct,,16.44,17.40,15.94,16.01,16.58,16.22,17.63,17.33,16.80,,,,,,,,,,,,11-Oct,,16.46,18.30,16.40,16.48,17.18,16.35,17.58,16.97,16.30,,,,16.70,17.20,17.20,17.20,,17.80,
9/11/2000,19.1,19.28,19.34,18.68,18.78,18.21,17.82,18.55,,12-Oct,,16.28,16.92,15.93,15.95,16.40,15.66,17.27,17.33,16.67,,,,,,,,,,,,12-Oct,,16.24,18.16,16.32,16.41,16.94,16.20,17.29,16.90,16.30,,,,16.70,17.20,17.20,16.70,,17.80,
9/12/2000,19.4,19.48,19.48,18.82,19,18.12,18.17,19.05,,13-Oct,,16.30,17.01,15.85,15.75,16.18,15.15,16.95,17.34,16.46,,,,,,,,,,,,13-Oct,,16.19,17.91,16.22,16.37,16.67,16.16,16.98,16.84,16.23,,,,16.70,17.20,17.20,16.70,,17.80,
9/13/2000,19.6,19.44,19.69,19.15,19.13,18.35,18.68,19.47,,14-Oct,,16.35,16.94,15.57,15.59,15.89,14.94,16.85,17.26,16.18,,,,,,,,,,,,14-Oct,,16.22,17.78,16.17,16.30,16.49,15.95,16.83,16.83,16.20,,,,16.70,17.20,17.20,16.10,,17.80,
9/14/2000,19.6,19.49,20.02,19.25,19.02,19.35,19.2,19.68,,15-Oct,,15.65,16.64,15.19,15.50,15.67,14.75,16.70,17.30,16.09,,,,,,,,,,,,15-Oct,,16.15,17.35,15.99,16.20,16.34,15.77,16.59,16.75,16.10,,,,16.70,16.70,17.20,16.10,,17.20,
9/15/2000,19.7,19.65,19.3,19.23,18.57,18.16,18.57,19.22,,16-Oct,,15.74,16.35,14.82,15.54,15.63,14.83,16.78,17.40,16.17,,,,,,,,,,,,16-Oct,,16.07,17.35,15.81,16.12,16.17,15.60,16.40,16.60,16.10,,,,16.70,16.70,17.20,16.10,,17.20,
9/16/2000,19.5,19.42,19.11,19.19,18.95,18.38,18.52,19.1,,17-Oct,,15.73,16.13,14.50,15.54,15.53,14.95,16.83,17.28,16.14,,,,,,,,,,,,17-Oct,,15.85,16.92,15.72,16.04,15.97,15.42,16.20,16.52,16.00,,,,16.70,16.70,17.20,16.10,,17.20,
9/17/2000,19.4,19.21,19,19.61,19.15,18.49,18.73,19.45,,18-Oct,,15.40,15.88,14.30,15.68,15.45,15.07,16.90,16.87,16.20,,,,,,,,,,,,18-Oct,,15.78,16.72,15.57,15.99,15.78,15.29,16.13,16.34,15.97,,,,16.70,16.10,16.70,16.10,15.60,16.70,
9/18/2000,19.4,19.14,19.06,19.6,19.16,18.62,18.72,19.74,,19-Oct,,15.30,15.48,14.26,15.62,15.40,15.28,16.95,16.52,16.23,,,,,,,,,,,,19-Oct,,15.69,16.41,15.35,15.89,15.67,15.19,15.95,16.10,15.91,,,,16.70,16.10,16.70,16.10,15.60,16.70,
9/19/2000,19.4,19.21,19.18,19.63,19.56,19.01,18.88,20.01,,20-Oct,,15.10,15.11,14.19,15.59,15.31,15.32,16.86,16.48,16.17,,,,,,,,,,,,20-Oct,,15.58,16.20,15.14,15.75,15.62,15.13,16.01,15.93,15.90,,,,16.70,16.10,16.10,15.60,15.60,16.70,
9/20/2000,19.4,19.21,,19.69,19.48,18.82,19.01,20.05,,21-Oct,,14.79,14.90,14.22,15.32,15.09,15.30,16.98,16.32,15.95,,,,,,,,,,,,21-Oct,,15.43,16.03,14.95,15.56,15.51,15.07,16.03,15.77,16.13,,,,16.10,16.10,16.10,15.60,15.60,16.70,
9/21/2000,19.2,,,19.25,18.94,,,19.85,,22-Oct,,14.81,14.85,14.27,14.95,14.70,15.32,17.11,15.95,15.74,,,,,,,,,,,,22-Oct,,15.31,15.84,14.83,15.38,15.34,14.99,16.25,15.59,15.81,,,,15.00,16.10,16.10,15.60,15.00,16.70,
9/22/2000,18.5,,,18.7,18.3,,,19.62,,23-Oct,,14.70,14.83,14.23,14.27,14.25,15.07,16.86,15.72,15.75,,,,,,,,,,,,23-Oct,,15.14,15.64,14.73,15.23,15.02,14.88,15.88,15.32,15.71,,,,15.00,15.85,16.10,15.60,15.00,16.10,
9/23/2000,18.1,,,18.36,18.06,,,19.38,,24-Oct,,14.64,14.72,14.35,13.86,13.80,14.61,16.30,15.51,15.86,,,,,,,,,,,,24-Oct,,14.90,15.49,14.68,15.05,14.76,14.71,15.86,15.00,15.68,,,,15.00,15.60,16.10,15.60,15.00,16.10,
9/24/2000,17.7,,,17.9,17.69,,,19.26,,25-Oct,,14.38,14.60,14.28,13.65,13.80,14.30,15.76,15.15,15.85,,,,,,,,,,,,25-Oct,,14.57,15.35,14.54,14.84,14.55,14.55,15.78,14.69,15.60,,,,15.00,15.60,16.10,15.60,15.00,16.10,
9/25/2000,17.5,,,17.61,17.39,,,19.12,,26-Oct,,13.99,14.70,14.12,13.60,13.71,14.24,15.38,14.76,15.73,,,,,,,,,,,,26-Oct,,14.32,15.18,14.41,14.60,14.47,14.38,15.75,14.47,15.51,,,,15.00,15.60,15.60,15.00,14.40,15.60,
9/26/2000,17.5,,,17.19,17.17,,,18.98,,27-Oct,,14.19,14.64,13.43,13.81,13.66,14.12,15.31,14.80,15.40,,,,,,,,,,,,27-Oct,,14.08,15.03,14.18,14.40,14.34,14.15,15.69,14.32,15.35,,,,15.00,15.60,15.60,15.00,14.40,15.60,16.10
9/27/2000,17.6,,,17.16,17.08,,,18.78,,28-Oct,,14.36,14.49,12.98,13.90,13.40,13.90,15.50,14.59,15.08,,,,,,,,,,,,28-Oct,,13.90,14.90,13.92,14.18,14.20,14.03,15.65,14.18,15.22,,,,15.00,14.40,15.60,14.40,14.40,15.60,16.10
9/28/2000,17.8,,,17.18,17.13,,,18.55,,29-Oct,,14.07,14.22,13.05,13.93,13.04,13.68,15.22,14.21,15.11,,,,,,,,,,,,29-Oct,,13.74,14.75,13.64,13.95,14.00,13.73,15.51,14.08,15.00,,,,15.00,14.40,15.60,14.40,13.90,15.60,16.10
9/29/2000,17.9,,,17.16,17.05,,,18.08,,30-Oct,,13.70,13.80,13.12,13.76,12.85,12.95,14.55,13.96,14.93,,,,,,,,,,,,30-Oct,,13.56,14.57,13.55,13.89,13.81,13.13,14.88,13.93,14.78,,,,15.00,14.40,15.00,14.40,13.90,15.60,16.10
9/30/2000,17.9,,,17.36,17.11,,,17.81,,31-Oct,,13.40,13.41,13.16,13.76,12.85,,13.71,13.54,14.75,,,,,,,,,,,,31-Oct,,13.39,14.46,13.38,13.63,13.60,12.74,14.28,13.73,14.62,,,,15.00,14.40,,14.40,13.90,,
10/1/2000,18.1,,,17.4,17.19,,,17.24,,,,,,,,,,,,,,,,,,,,,,,,,,,,,,,,,,,,,,,,,,,,
10/2/2000,17.8,,,17.36,17.21,,,17.09,,,,,,,,,,,,,,,,,,,,,,,,,,,,,,,,,,,,,,,,,,,,
10/3/2000,17.4,,,17.52,17.24,,,17.3,,,,,,,,,,,,,,,,,,,,,,,,,,,,,,,,,,,,,,,,,,,,
10/4/2000,17.1,,,17.4,17.22,,,17,,,,,,,,,,,,,,,,,,,,,,,,,,,,,,,,,,,,,,,,,,,,
10/5/2000,16.8,,,17.1,17.26,,,16.68,,,,,,,,,,,,,,,,,,,,,,,,,,,,,,,,,,,,,,,,,,,,
10/6/2000,16.2,,,16.8,17,,,16.47,,,,,,,,,,,,,,,,,,,,,,,,,,,,,,,,,,,,,,,,,,,,
10/7/2000,16,,,16.52,16.83,,,16.01,,,,,,,,,,,,,,,,,,,,,,,,,,,,,,,,,,,,,,,,,,,,
10/8/2000,16.3,,,16.26,16.73,,,15.65,,,,,,,,,,,,,,,,,,,,,,,,,,,,,,,,,,,,,,,,,,,,
10/9/2000,16.6,,,16.1,16.61,,,15.16,,,,,,,,,,,,,,,,,,,,,,,,,,,,,,,,,,,,,,,,,,,,
10/10/2000,16.2,,,15.81,16.58,,,14.69,,,,,,,,,,,,,,,,,,,,,,,,,,,,,,,,,,,,,,,,,,,,
10/11/2000,16,,,15.87,16.48,,,14.61,,,,,,,,,,,,,,,,,,,,,,,,,,,,,,,,,,,,,,,,,,,,
10/12/2000,16,,,15.93,16.41,,,14.6,,,,,,,,,,,,,,,,,,,,,,,,,,,,,,,,,,,,,,,,,,,,
10/13/2000,15.8,,,15.78,16.37,,,14.62,,,,,,,,,,,,,,,,,,,,,,,,,,,,,,,,,,,,,,,,,,,,
10/14/2000,15.6,,,15.6,16.3,,,14.6,,,,,,,,,,,,,,,,,,,,,,,,,,,,,,,,,,,,,,,,,,,,
10/15/2000,15.5,,,15.47,16.2,,,14.65,,,,,,,,,,,,,,,,,,,,,,,,,,,,,,,,,,,,,,,,,,,,
10/16/2000,15.5,,,15.39,16.12,,,14.58,,,,,,,,,,,,,,,,,,,,,,,,,,,,,,,,,,,,,,,,,,,,
10/17/2000,15.5,,,15.65,16.04,,,14.61,,,,,,,,,,,,,,,,,,,,,,,,,,,,,,,,,,,,,,,,,,,,
10/18/2000,15.7,,,15.63,15.99,,,14.39,,,,,,,,,,,,,,,,,,,,,,,,,,,,,,,,,,,,,,,,,,,,
10/19/2000,15.6,,,15.57,15.89,,,14.24,,,,,,,,,,,,,,,,,,,,,,,,,,,,,,,,,,,,,,,,,,,,
10/20/2000,15.6,,,15.38,15.75,,,14.13,,,,,,,,,,,,,,,,,,,,,,,,,,,,,,,,,,,,,,,,,,,,
10/21/2000,15.3,,,15,15.56,,,13.47,,,,,,,,,,,,,,,,,,,,,,,,,,,,,,,,,,,,,,,,,,,,
10/22/2000,15,,,14.88,15.38,,,13.24,,,,,,,,,,,,,,,,,,,,,,,,,,,,,,,,,,,,,,,,,,,,
10/23/2000,14.3,,,14.85,15.23,,,12.93,,,,,,,,,,,,,,,,,,,,,,,,,,,,,,,,,,,,,,,,,,,,
10/24/2000,13.9,,,14.56,15.05,,,12.69,,,,,,,,,,,,,,,,,,,,,,,,,,,,,,,,,,,,,,,,,,,,
10/25/2000,13.7,,,14.21,14.84,,,12.54,,,,,,,,,,,,,,,,,,,,,,,,,,,,,,,,,,,,,,,,,,,,
10/26/2000,13.6,,,14,14.6,,,12.49,,,,,,,,,,,,,,,,,,,,,,,,,,,,,,,,,,,,,,,,,,,,
10/27/2000,13.8,,,13.81,14.4,,,12.52,,,,,,,,,,,,,,,,,,,,,,,,,,,,,,,,,,,,,,,,,,,,
10/28/2000,13.9,,,13.63,14.18,,,12.38,,,,,,,,,,,,,,,,,,,,,,,,,,,,,,,,,,,,,,,,,,,,
10/29/2000,13.9,,,13.34,13.95,,,12.34,,,,,,,,,,,,,,,,,,,,,,,,,,,,,,,,,,,,,,,,,,,,
10/30/2000,13.8,,,13.38,13.89,,,12.14,,,,,,,,,,,,,,,,,,,,,,,,,,,,,,,,,,,,,,,,,,,,
10/31/2000,13.8,,,13.3,13.63,,,11.83,,,,,,,,,,,,,,,,,,,,,,,,,,,,,,,,,,,,,,,,,,,,
3/1/2002,5,,,4.21,3.73,,,3.71,,,,,,,,,,,,,,,,,,,,,,,,,,,,,,,,,,,,,,,,,,,,
3/2/2002,5,,,4.29,3.73,,,3.47,,,,,,,,,,,,,,,,,,,,,,,,,,,,,,,,,,,,,,,,,,,,
3/3/2002,5,,,4.23,3.93,,,3.06,,,,,,,,,,,,,,,,,,,,,,,,,,,,,,,,,,,,,,,,,,,,
3/4/2002,5.1,,,4.25,3.99,,,3.04,,,,,,,,,,,,,,,,,,,,,,,,,,,,,,,,,,,,,,,,,,,,
3/5/2002,5.3,,,4.42,4.13,,,3.02,,,,,,,,,,,,,,,,,,,,,,,,,,,,,,,,,,,,,,,,,,,,
3/6/2002,5.3,,,4.31,4.11,,,2.98,,,,,,,,,,,,,,,,,,,,,,,,,,,,,,,,,,,,,,,,,,,,
3/7/2002,5.3,,,4.37,4.08,,,3.1,,,,,,,,,,,,,,,,,,,,,,,,,,,,,,,,,,,,,,,,,,,,
3/8/2002,5.2,,,4.48,4.05,,,3.16,,,,,,,,,,,,,,,,,,,,,,,,,,,,,,,,,,,,,,,,,,,,
3/9/2002,5.1,,,4.5,4.08,,,3.28,,,,,,,,,,,,,,,,,,,,,,,,,,,,,,,,,,,,,,,,,,,,
3/10/2002,5.1,,,4.43,4.1,,,3.3,,,,,,,,,,,,,,,,,,,,,,,,,,,,,,,,,,,,,,,,,,,,
3/11/2002,5.3,,,4.38,4.19,,,3.41,,,,,,,,,,,,,,,,,,,,,,,,,,,,,,,,,,,,,,,,,,,,
3/12/2002,5.5,,,4.45,4.23,,,3.71,,,,,,,,,,,,,,,,,,,,,,,,,,,,,,,,,,,,,,,,,,,,
3/13/2002,5.5,,,4.51,4.31,,,3.96,,,,,,,,,,,,,,,,,,,,,,,,,,,,,,,,,,,,,,,,,,,,
3/14/2002,5.5,,,4.57,4.48,,,4.04,,,,,,,,,,,,,,,,,,,,,,,,,,,,,,,,,,,,,,,,,,,,
3/15/2002,5.5,,,4.89,4.53,,,4.13,,,,,,,,,,,,,,,,,,,,,,,,,,,,,,,,,,,,,,,,,,,,
3/16/2002,,,,5.03,4.58,,,4.72,,,,,,,,,,,,,,,,,,,,,,,,,,,,,,,,,,,,,,,,,,,,
3/17/2002,,,,4.95,4.59,,,4.68,,,,,,,,,,,,,,,,,,,,,,,,,,,,,,,,,,,,,,,,,,,,
3/18/2002,5.5,,,4.73,4.6,,,4.74,,,,,,,,,,,,,,,,,,,,,,,,,,,,,,,,,,,,,,,,,,,,
3/19/2002,5.4,,,4.72,4.68,,,4.74,,,,,,,,,,,,,,,,,,,,,,,,,,,,,,,,,,,,,,,,,,,,
3/20/2002,5.6,,,4.58,4.78,,,4.76,,,,,,,,,,,,,,,,,,,,,,,,,,,,,,,,,,,,,,,,,,,,
3/21/2002,5.5,,,4.34,4.7,,,4.8,,,,,,,,,,,,,,,,,,,,,,,,,,,,,,,,,,,,,,,,,,,,
3/22/2002,5.3,,,4.58,4.69,,,4.77,,,,,,,,,,,,,,,,,,,,,,,,,,,,,,,,,,,,,,,,,,,,
3/23/2002,5.6,,,4.67,4.53,,,4.64,,,,,,,,,,,,,,,,,,,,,,,,,,,,,,,,,,,,,,,,,,,,
3/24/2002,5.8,,,4.65,4.49,,,4.61,,,,,,,,,,,,,,,,,,,,,,,,,,,,,,,,,,,,,,,,,,,,
3/25/2002,6.1,,,4.58,4.51,,,4.54,,,,,,,,,,,,,,,,,,,,,,,,,,,,,,,,,,,,,,,,,,,,
3/26/2002,6.3,6.19,,4.74,4.65,4.63,5.25,7.68,,,,,,,,,,,,,,,,,,,,,,,,,,,,,,,,,,,,,,,,,,,,
3/27/2002,6.4,6.16,5.66,4.84,4.81,4.94,5.32,8.39,,,,,,,,,,,,,,,,,,,,,,,,,,,,,,,,,,,,,,,,,,,,
3/28/2002,6.5,6.28,5.6,5.2,5,5.35,5.24,6.87,,,,,,,,,,,,,,,,,,,,,,,,,,,,,,,,,,,,,,,,,,,,
3/29/2002,6.6,6.31,5.6,5.52,5.31,5.58,5.12,6.1,,,,,,,,,,,,,,,,,,,,,,,,,,,,,,,,,,,,,,,,,,,,
3/30/2002,6.8,6.28,5.69,6.18,5.69,5.78,5.36,6.56,,,,,,,,,,,,,,,,,,,,,,,,,,,,,,,,,,,,,,,,,,,,
3/31/2002,6.9,6.39,5.86,6.7,5.94,5.75,5.96,6.77,,,,,,,,,,,,,,,,,,,,,,,,,,,,,,,,,,,,,,,,,,,,
4/1/2002,7,6.63,6.08,6.55,6.2,5.91,6.33,6.5,,,,,,,,,,,,,,,,,,,,,,,,,,,,,,,,,,,,,,,,,,,,
4/2/2002,7,6.73,7.14,6.85,6.3,6.18,6.94,6.77,,,,,,,,,,,,,,,,,,,,,,,,,,,,,,,,,,,,,,,,,,,,
4/3/2002,7,6.85,7.66,7.53,6.24,6.81,7.21,7.38,,,,,,,,,,,,,,,,,,,,,,,,,,,,,,,,,,,,,,,,,,,,
4/4/2002,7.2,7.1,8.13,8.16,6.54,7.18,7.81,7.55,,,,,,,,,,,,,,,,,,,,,,,,,,,,,,,,,,,,,,,,,,,,
4/5/2002,7.3,7.33,7.33,7.86,6.96,7.29,7.15,7.17,,,,,,,,,,,,,,,,,,,,,,,,,,,,,,,,,,,,,,,,,,,,
4/6/2002,7.4,7.62,7.2,7.6,7.1,7.35,7.17,7.15,,,,,,,,,,,,,,,,,,,,,,,,,,,,,,,,,,,,,,,,,,,,
4/7/2002,7.7,7.94,7.52,7.74,7.44,7.51,7.25,7.41,,,,,,,,,,,,,,,,,,,,,,,,,,,,,,,,,,,,,,,,,,,,
4/8/2002,7.9,8.07,8.56,8.37,7.94,7.83,7.66,7.75,,,,,,,,,,,,,,,,,,,,,,,,,,,,,,,,,,,,,,,,,,,,
4/9/2002,8.3,8.36,8.69,8.8,7.99,7.77,7.74,7.94,,,,,,,,,,,,,,,,,,,,,,,,,,,,,,,,,,,,,,,,,,,,
4/10/2002,8.4,8.55,8.61,8.59,8.03,7.98,7.8,7.77,,,,,,,,,,,,,,,,,,,,,,,,,,,,,,,,,,,,,,,,,,,,
4/11/2002,8.6,8.85,9.1,8.86,8.3,8.2,8.17,8.09,,,,,,,,,,,,,,,,,,,,,,,,,,,,,,,,,,,,,,,,,,,,
4/12/2002,8.8,9.21,9.2,8.94,8.54,8.3,8.32,8.06,,,,,,,,,,,,,,,,,,,,,,,,,,,,,,,,,,,,,,,,,,,,
4/13/2002,9.2,9.65,9.5,9.2,8.79,8.54,8.43,8.1,,,,,,,,,,,,,,,,,,,,,,,,,,,,,,,,,,,,,,,,,,,,
4/14/2002,9.5,9.82,9.54,9.24,8.94,8.87,8.63,8.14,,,,,,,,,,,,,,,,,,,,,,,,,,,,,,,,,,,,,,,,,,,,
4/15/2002,9.5,9.71,9.69,9.2,9.05,8.86,8.58,8.44,,,,,,,,,,,,,,,,,,,,,,,,,,,,,,,,,,,,,,,,,,,,
4/16/2002,9.5,9.73,9.97,9.11,9.05,8.78,8.3,8.08,,,,,,,,,,,,,,,,,,,,,,,,,,,,,,,,,,,,,,,,,,,,
4/17/2002,9.7,9.85,9.87,8.85,9.07,8.53,8.45,7.05,,,,,,,,,,,,,,,,,,,,,,,,,,,,,,,,,,,,,,,,,,,,
4/18/2002,9.9,9.85,9.77,8.69,9.15,8.59,8.41,7.03,,,,,,,,,,,,,,,,,,,,,,,,,,,,,,,,,,,,,,,,,,,,
4/19/2002,10,9.84,9.82,8.71,9.03,8.69,7.95,7.6,,,,,,,,,,,,,,,,,,,,,,,,,,,,,,,,,,,,,,,,,,,,
4/20/2002,10,9.93,9.82,8.67,9.01,8.92,7.8,7.8,,,,,,,,,,,,,,,,,,,,,,,,,,,,,,,,,,,,,,,,,,,,
4/21/2002,10,9.91,9.68,8.69,9.25,8.55,7.8,7.85,,,,,,,,,,,,,,,,,,,,,,,,,,,,,,,,,,,,,,,,,,,,
4/22/2002,10,9.81,9.55,8.66,9.45,8.35,8.07,8.14,,,,,,,,,,,,,,,,,,,,,,,,,,,,,,,,,,,,,,,,,,,,
4/23/2002,9.9,9.64,9.42,8.6,9.3,8.34,8.35,8.44,,,,,,,,,,,,,,,,,,,,,,,,,,,,,,,,,,,,,,,,,,,,
4/24/2002,9.8,9.64,9.84,8.89,9.33,8.77,8.66,9.15,,,,,,,,,,,,,,,,,,,,,,,,,,,,,,,,,,,,,,,,,,,,
4/25/2002,9.9,9.74,9.48,8.66,8.91,8.91,8.79,9.35,,,,,,,,,,,,,,,,,,,,,,,,,,,,,,,,,,,,,,,,,,,,
4/26/2002,9.8,9.67,9.4,8.65,8.93,8.9,8.95,9.33,,,,,,,,,,,,,,,,,,,,,,,,,,,,,,,,,,,,,,,,,,,,
4/27/2002,9.9,9.75,9.42,8.83,9.18,9.04,9.28,9.14,,,,,,,,,,,,,,,,,,,,,,,,,,,,,,,,,,,,,,,,,,,,
4/28/2002,10,9.39,9.58,8.94,9.29,9.11,9.46,9.44,,,,,,,,,,,,,,,,,,,,,,,,,,,,,,,,,,,,,,,,,,,,
4/29/2002,10.2,10.01,10.7,9.5,9.71,9.47,9.9,9.88,,,,,,,,,,,,,,,,,,,,,,,,,,,,,,,,,,,,,,,,,,,,
4/30/2002,10.3,10.22,9.99,9.78,10.02,10.4,10.56,9.76,,,,,,,,,,,,,,,,,,,,,,,,,,,,,,,,,,,,,,,,,,,,
5/1/2002,10.5,10.27,9.83,10.05,10.03,10.48,10.35,9.58,,,,,,,,,,,,,,,,,,,,,,,,,,,,,,,,,,,,,,,,,,,,
5/2/2002,10.6,10.42,10,9.85,10.23,10.42,10.03,10.13,,,,,,,,,,,,,,,,,,,,,,,,,,,,,,,,,,,,,,,,,,,,
5/3/2002,10.5,10.42,10.17,9.82,10.6,10.59,10.18,10.25,,,,,,,,,,,,,,,,,,,,,,,,,,,,,,,,,,,,,,,,,,,,
5/4/2002,10.5,10.41,10.2,10.23,10.79,10.45,10.13,10.59,,,,,,,,,,,,,,,,,,,,,,,,,,,,,,,,,,,,,,,,,,,,
5/5/2002,10.4,10.41,10.29,10.09,10.8,10.38,10.13,10.59,,,,,,,,,,,,,,,,,,,,,,,,,,,,,,,,,,,,,,,,,,,,
5/6/2002,10.3,10.51,10.35,10.09,10.69,10.34,10.2,10.25,,,,,,,,,,,,,,,,,,,,,,,,,,,,,,,,,,,,,,,,,,,,
5/7/2002,10.3,10.43,10.31,9.93,10.6,10.23,10.29,9.64,,,,,,,,,,,,,,,,,,,,,,,,,,,,,,,,,,,,,,,,,,,,
5/8/2002,10.5,10.51,10.9,10.34,10.88,10.6,10.47,9.64,,,,,,,,,,,,,,,,,,,,,,,,,,,,,,,,,,,,,,,,,,,,
5/9/2002,10.7,10.72,10.61,10.26,10.65,10.84,10.54,9.49,,,,,,,,,,,,,,,,,,,,,,,,,,,,,,,,,,,,,,,,,,,,
5/10/2002,10.8,10.83,10.53,10.4,10.71,10.88,10.07,9.2,,,,,,,,,,,,,,,,,,,,,,,,,,,,,,,,,,,,,,,,,,,,
5/11/2002,11.1,10.99,11.14,11.12,11.01,11.08,9.93,9.61,,,,,,,,,,,,,,,,,,,,,,,,,,,,,,,,,,,,,,,,,,,,
5/12/2002,11.4,11.17,12.73,11.62,11.34,11.43,11.34,10.26,,,,,,,,,,,,,,,,,,,,,,,,,,,,,,,,,,,,,,,,,,,,
5/13/2002,11.5,11.49,11.55,11.45,11.4,11.14,10.78,9.94,,,,,,,,,,,,,,,,,,,,,,,,,,,,,,,,,,,,,,,,,,,,
5/14/2002,11.4,11.51,11.26,11.4,11.61,10.83,10.04,9.94,,,,,,,,,,,,,,,,,,,,,,,,,,,,,,,,,,,,,,,,,,,,
5/15/2002,11.2,11.66,11.44,11.87,11.7,10.9,10.02,10.55,,,,,,,,,,,,,,,,,,,,,,,,,,,,,,,,,,,,,,,,,,,,
5/16/2002,11.9,11.35,12.54,12.09,11.6,10.9,10.53,11.86,,,,,,,,,,,,,,,,,,,,,,,,,,,,,,,,,,,,,,,,,,,,
5/17/2002,12.1,12.3,12.28,12.25,11.65,11.11,10.62,11.79,,,,,,,,,,,,,,,,,,,,,,,,,,,,,,,,,,,,,,,,,,,,
5/18/2002,12.3,12.44,12.4,12.14,11.53,11.26,11.36,11.65,,,,,,,,,,,,,,,,,,,,,,,,,,,,,,,,,,,,,,,,,,,,
5/19/2002,12.6,12.65,12.92,12.39,11.58,11.39,11.85,11.75,,,,,,,,,,,,,,,,,,,,,,,,,,,,,,,,,,,,,,,,,,,,
5/20/2002,12.7,12.94,12.9,12.59,11.58,11.47,11.95,11.78,,,,,,,,,,,,,,,,,,,,,,,,,,,,,,,,,,,,,,,,,,,,
5/21/2002,12.8,12.96,12.67,12.44,11.45,11.85,12.02,11.66,,,,,,,,,,,,,,,,,,,,,,,,,,,,,,,,,,,,,,,,,,,,
5/22/2002,13,12.82,12.8,12.19,11.68,12.05,11.82,10.95,,,,,,,,,,,,,,,,,,,,,,,,,,,,,,,,,,,,,,,,,,,,
5/23/2002,13,13.08,13.02,12.65,12.25,12.11,11.83,9.75,,,,,,,,,,,,,,,,,,,,,,,,,,,,,,,,,,,,,,,,,,,,
5/24/2002,13.2,13.34,13.55,13.09,12.6,12.19,11.69,9.46,,,,,,,,,,,,,,,,,,,,,,,,,,,,,,,,,,,,,,,,,,,,
5/25/2002,13.5,13.41,13.27,12.98,12.47,12.33,11.04,9.67,,,,,,,,,,,,,,,,,,,,,,,,,,,,,,,,,,,,,,,,,,,,
5/26/2002,13.7,13.38,13.19,13.1,12.58,12.07,10.23,10.44,,,,,,,,,,,,,,,,,,,,,,,,,,,,,,,,,,,,,,,,,,,,
5/27/2002,13.7,13.55,13.35,13.45,12.96,11.53,10.8,11.65,,,,,,,,,,,,,,,,,,,,,,,,,,,,,,,,,,,,,,,,,,,,
5/28/2002,13.7,13.63,13.69,13.53,12.55,11.04,10.55,11.61,,,,,,,,,,,,,,,,,,,,,,,,,,,,,,,,,,,,,,,,,,,,
5/29/2002,13.7,13.87,13.74,13.5,12,11.02,11.49,12.18,,,,,,,,,,,,,,,,,,,,,,,,,,,,,,,,,,,,,,,,,,,,
5/30/2002,14,14.15,14,13.75,11.56,11.38,12.06,12.79,,,,,,,,,,,,,,,,,,,,,,,,,,,,,,,,,,,,,,,,,,,,
5/31/2002,14.3,14.4,14.15,13.42,11.8,12.19,12.73,12.38,,,,,,,,,,,,,,,,,,,,,,,,,,,,,,,,,,,,,,,,,,,,
6/1/2002,14.5,14.46,14.32,13.13,12.43,12.6,13.11,11.92,,,,,,,,,,,,,,,,,,,,,,,,,,,,,,,,,,,,,,,,,,,,
6/2/2002,14.5,14.59,14.5,13.19,12.92,13.05,12.7,11.92,,,,,,,,,,,,,,,,,,,,,,,,,,,,,,,,,,,,,,,,,,,,
6/3/2002,14.7,14.77,14.47,13.78,13.63,13.08,12.51,11.76,,,,,,,,,,,,,,,,,,,,,,,,,,,,,,,,,,,,,,,,,,,,
6/4/2002,14.9,14.68,14.14,14.11,13.68,12.73,12.51,11.85,,,,,,,,,,,,,,,,,,,,,,,,,,,,,,,,,,,,,,,,,,,,
6/5/2002,15,14.56,14.01,14.13,13.59,12.88,12.3,12.16,,,,,,,,,,,,,,,,,,,,,,,,,,,,,,,,,,,,,,,,,,,,
6/6/2002,14.6,14.43,14.19,14.05,13.48,12.77,12.43,12.52,,,,,,,,,,,,,,,,,,,,,,,,,,,,,,,,,,,,,,,,,,,,
6/7/2002,14.3,14.45,14.5,13.77,13.23,12.51,12.56,12.65,,,,,,,,,,,,,,,,,,,,,,,,,,,,,,,,,,,,,,,,,,,,
6/8/2002,14.3,14.53,14.36,13.27,12.87,12.48,12.57,12.27,,,,,,,,,,,,,,,,,,,,,,,,,,,,,,,,,,,,,,,,,,,,
6/9/2002,14.5,14.43,14.16,12.94,12.68,12.44,12.68,12.06,,,,,,,,,,,,,,,,,,,,,,,,,,,,,,,,,,,,,,,,,,,,
6/10/2002,14.6,14.45,13.97,13.05,12.8,12.66,12.63,11.81,,,,,,,,,,,,,,,,,,,,,,,,,,,,,,,,,,,,,,,,,,,,
6/11/2002,14.8,14.43,14.56,13.5,13.24,12.9,13.03,11.47,,,,,,,,,,,,,,,,,,,,,,,,,,,,,,,,,,,,,,,,,,,,
6/12/2002,14.8,14.51,14.57,14.22,13.89,13.7,13.96,11.57,,,,,,,,,,,,,,,,,,,,,,,,,,,,,,,,,,,,,,,,,,,,
6/13/2002,14.9,14.58,14.79,14.31,14.18,13.81,13.62,12.63,,,,,,,,,,,,,,,,,,,,,,,,,,,,,,,,,,,,,,,,,,,,
6/14/2002,15,14.82,14.26,14.52,14.35,14.59,13.58,13.62,,,,,,,,,,,,,,,,,,,,,,,,,,,,,,,,,,,,,,,,,,,,
6/15/2002,15.2,14.98,14.58,14.97,14.42,13.93,13.04,14.45,,,,,,,,,,,,,,,,,,,,,,,,,,,,,,,,,,,,,,,,,,,,
6/16/2002,15.2,15.25,15.07,15.14,14.6,13.42,12.7,14.86,,,,,,,,,,,,,,,,,,,,,,,,,,,,,,,,,,,,,,,,,,,,
6/17/2002,15.2,15.48,15.24,15.25,14.43,13.24,13.46,14.8,,,,,,,,,,,,,,,,,,,,,,,,,,,,,,,,,,,,,,,,,,,,
6/18/2002,15.4,15.55,15.24,15.17,13.99,13.18,14.15,15,,,,,,,,,,,,,,,,,,,,,,,,,,,,,,,,,,,,,,,,,,,,
6/19/2002,15.6,15.53,15.57,15.05,13.8,14.23,14.73,14.78,,,,,,,,,,,,,,,,,,,,,,,,,,,,,,,,,,,,,,,,,,,,
6/20/2002,15.8,15.77,16.12,15.04,14.09,15.38,15.75,14.33,,,,,,,,,,,,,,,,,,,,,,,,,,,,,,,,,,,,,,,,,,,,
6/21/2002,16.1,16.07,16.52,15.1,14.88,15.93,15.48,13.73,,,,,,,,,,,,,,,,,,,,,,,,,,,,,,,,,,,,,,,,,,,,
6/22/2002,16.4,16.26,15.99,15.62,15.6,16.13,15.33,14.28,,,,,,,,,,,,,,,,,,,,,,,,,,,,,,,,,,,,,,,,,,,,
6/23/2002,16.5,16.24,15.91,15.57,16.11,16.31,14.35,14.03,,,,,,,,,,,,,,,,,,,,,,,,,,,,,,,,,,,,,,,,,,,,
6/24/2002,16.6,16.27,16.01,16.22,16.6,15.83,14.22,14.36,,,,,,,,,,,,,,,,,,,,,,,,,,,,,,,,,,,,,,,,,,,,
6/25/2002,16.6,16.49,16.85,17.08,16.85,15.61,15.33,14.98,,,,,,,,,,,,,,,,,,,,,,,,,,,,,,,,,,,,,,,,,,,,
6/26/2002,16.9,16.74,16.79,17.26,16.55,15.75,15.88,15.58,,,,,,,,,,,,,,,,,,,,,,,,,,,,,,,,,,,,,,,,,,,,
6/27/2002,17.1,16.92,16.74,17.02,16.18,15.63,14.9,15.68,,,,,,,,,,,,,,,,,,,,,,,,,,,,,,,,,,,,,,,,,,,,
6/28/2002,17,17.04,17.1,17.08,16.04,15.61,15.39,16.28,,,,,,,,,,,,,,,,,,,,,,,,,,,,,,,,,,,,,,,,,,,,
6/29/2002,17.1,17.35,17.36,16.94,15.99,15.41,15.78,16.74,,,,,,,,,,,,,,,,,,,,,,,,,,,,,,,,,,,,,,,,,,,,
6/30/2002,17.3,17.53,17.51,16.6,16.1,15.75,16.07,16.9,,,,,,,,,,,,,,,,,,,,,,,,,,,,,,,,,,,,,,,,,,,,
7/1/2002,17.6,17.65,17.51,16.9,16.12,16.1,16.47,16.8,,,,,,,,,,,,,,,,,,,,,,,,,,,,,,,,,,,,,,,,,,,,
7/2/2002,17.7,16.98,17.77,17.1,16.48,16.54,17.01,17,,,,,,,,,,,,,,,,,,,,,,,,,,,,,,,,,,,,,,,,,,,,
7/3/2002,17.7,17.67,17.52,16.59,16.8,16.87,17.13,16.31,,,,,,,,,,,,,,,,,,,,,,,,,,,,,,,,,,,,,,,,,,,,
7/4/2002,17.6,17.37,17.26,16.37,16.8,16.95,17.18,16.58,,,,,,,,,,,,,,,,,,,,,,,,,,,,,,,,,,,,,,,,,,,,
7/5/2002,17.5,17.34,17.74,16.5,16.99,17.22,17.81,16.91,,,,,,,,,,,,,,,,,,,,,,,,,,,,,,,,,,,,,,,,,,,,
7/6/2002,17.7,17.56,17.75,16.94,17.18,18.49,18.28,17.75,,,,,,,,,,,,,,,,,,,,,,,,,,,,,,,,,,,,,,,,,,,,
7/7/2002,17.8,17.58,17.27,17.22,17.61,18.8,18.95,18.69,,,,,,,,,,,,,,,,,,,,,,,,,,,,,,,,,,,,,,,,,,,,
7/8/2002,17.8,17.44,17.16,16.96,17.91,17.8,17.06,18.05,,,,,,,,,,,,,,,,,,,,,,,,,,,,,,,,,,,,,,,,,,,,
7/9/2002,17.8,17.52,17.78,17.34,18.48,19.02,18.4,18.99,,,,,,,,,,,,,,,,,,,,,,,,,,,,,,,,,,,,,,,,,,,,
7/10/2002,17.9,17.87,18,17.74,18.91,18.88,18.72,19.51,,,,,,,,,,,,,,,,,,,,,,,,,,,,,,,,,,,,,,,,,,,,
7/11/2002,18.2,18.15,17.87,18.84,18.96,19.17,19.5,19.94,,,,,,,,,,,,,,,,,,,,,,,,,,,,,,,,,,,,,,,,,,,,
7/12/2002,18.6,18.26,18.33,18.85,19.63,18.85,19.97,20.13,,,,,,,,,,,,,,,,,,,,,,,,,,,,,,,,,,,,,,,,,,,,
7/13/2002,18.8,18.62,18.54,18.82,19.73,19.46,21.49,21.7,,,,,,,,,,,,,,,,,,,,,,,,,,,,,,,,,,,,,,,,,,,,
7/14/2002,18.7,18.69,18.72,18.66,19.48,18.92,18.72,20.13,,,,,,,,,,,,,,,,,,,,,,,,,,,,,,,,,,,,,,,,,,,,
7/15/2002,18.8,18.9,19.06,18.94,19.89,19.75,20.08,20.43,,,,,,,,,,,,,,,,,,,,,,,,,,,,,,,,,,,,,,,,,,,,
7/16/2002,19,19.3,19.35,19.37,19.73,19.9,20.33,20.69,,,,,,,,,,,,,,,,,,,,,,,,,,,,,,,,,,,,,,,,,,,,
7/17/2002,19.3,19.6,19.55,19.36,19.78,19.8,19.96,20.96,,,,,,,,,,,,,,,,,,,,,,,,,,,,,,,,,,,,,,,,,,,,
7/18/2002,19.7,19.81,19.61,19.14,20.14,20.24,19.62,20.68,,,,,,,,,,,,,,,,,,,,,,,,,,,,,,,,,,,,,,,,,,,,
7/19/2002,19.9,19.83,19.76,19.18,20.39,20.41,19.88,20.83,,,,,,,,,,,,,,,,,,,,,,,,,,,,,,,,,,,,,,,,,,,,
7/20/2002,19.9,19.87,19.91,19.6,20.58,20.65,20.42,21.3,,,,,,,,,,,,,,,,,,,,,,,,,,,,,,,,,,,,,,,,,,,,
7/21/2002,20.1,20.11,20.55,20.2,20.76,20.87,21.08,21.85,,,,,,,,,,,,,,,,,,,,,,,,,,,,,,,,,,,,,,,,,,,,
7/22/2002,20.4,20.35,21.02,20.26,21.3,22.1,21.55,22.83,,,,,,,,,,,,,,,,,,,,,,,,,,,,,,,,,,,,,,,,,,,,
7/23/2002,20.6,20.58,20.35,20.13,21.23,22.5,22.25,23.76,,,,,,,,,,,,,,,,,,,,,,,,,,,,,,,,,,,,,,,,,,,,
7/24/2002,20.8,19.7,20.47,20.19,21.18,21.59,22.41,24.39,,,,,,,,,,,,,,,,,,,,,,,,,,,,,,,,,,,,,,,,,,,,
7/25/2002,20.9,20.68,20.56,20.23,21.19,21.03,21.13,23.79,,,,,,,,,,,,,,,,,,,,,,,,,,,,,,,,,,,,,,,,,,,,
7/26/2002,20.7,20.7,20.81,19.95,21.31,20.94,20.48,21.73,,,,,,,,,,,,,,,,,,,,,,,,,,,,,,,,,,,,,,,,,,,,
7/27/2002,20.4,20.56,20.89,20.12,21.64,21.3,20.73,21.06,,,,,,,,,,,,,,,,,,,,,,,,,,,,,,,,,,,,,,,,,,,,
7/28/2002,20.2,20.73,20.9,19.2,21.61,21.44,20.96,20.63,,,,,,,,,,,,,,,,,,,,,,,,,,,,,,,,,,,,,,,,,,,,
7/29/2002,20.4,20.87,20.88,20.53,21.68,21.43,21,20.73,,,,,,,,,,,,,,,,,,,,,,,,,,,,,,,,,,,,,,,,,,,,
7/30/2002,20.7,21.03,20.89,20.72,21.61,21.47,20.97,20.97,,,,,,,,,,,,,,,,,,,,,,,,,,,,,,,,,,,,,,,,,,,,
7/31/2002,20.7,20.73,21.09,20.81,21.63,21.28,20.77,20.73,,,,,,,,,,,,,,,,,,,,,,,,,,,,,,,,,,,,,,,,,,,,
8/1/2002,20.7,20.87,21.16,20.91,22,21.53,20.99,21.35,,,,,,,,,,,,,,,,,,,,,,,,,,,,,,,,,,,,,,,,,,,,
8/2/2002,20.6,20.73,20.75,20.17,21.64,21.35,20.55,21.18,,,,,,,,,,,,,,,,,,,,,,,,,,,,,,,,,,,,,,,,,,,,
8/3/2002,20.5,20.53,20.94,20.23,21.75,21.37,20.61,21.11,,,,,,,,,,,,,,,,,,,,,,,,,,,,,,,,,,,,,,,,,,,,
8/4/2002,20.4,20.61,20.74,19.88,21.38,21.08,20.13,20.41,,,,,,,,,,,,,,,,,,,,,,,,,,,,,,,,,,,,,,,,,,,,
8/5/2002,20.1,20.32,20.63,19.75,21.31,20.89,20.17,20.28,,,,,,,,,,,,,,,,,,,,,,,,,,,,,,,,,,,,,,,,,,,,
8/6/2002,20.2,20.33,20.5,19.43,21.18,20.61,20.04,20.27,,,,,,,,,,,,,,,,,,,,,,,,,,,,,,,,,,,,,,,,,,,,
8/7/2002,20.1,20.3,20.41,19.48,21.12,20.39,19.79,19.84,,,,,,,,,,,,,,,,,,,,,,,,,,,,,,,,,,,,,,,,,,,,
8/8/2002,20.2,20.4,20.37,19.83,21.06,20.28,19.65,19.21,,,,,,,,,,,,,,,,,,,,,,,,,,,,,,,,,,,,,,,,,,,,
8/9/2002,20.4,20.49,20.22,19.8,21.18,20.3,19.71,20.02,,,,,,,,,,,,,,,,,,,,,,,,,,,,,,,,,,,,,,,,,,,,
8/10/2002,20.6,20.52,20.1,20.04,21.04,20.25,19.5,20.42,,,,,,,,,,,,,,,,,,,,,,,,,,,,,,,,,,,,,,,,,,,,
8/11/2002,20.7,20.21,20.45,20.23,21.05,20.15,18.95,19.54,,,,,,,,,,,,,,,,,,,,,,,,,,,,,,,,,,,,,,,,,,,,
8/12/2002,20.7,20.44,21.35,20.65,21.38,20.64,19.5,19.54,,,,,,,,,,,,,,,,,,,,,,,,,,,,,,,,,,,,,,,,,,,,
8/13/2002,20.7,20.72,21.59,20.92,21.62,20.38,20.05,19.73,,,,,,,,,,,,,,,,,,,,,,,,,,,,,,,,,,,,,,,,,,,,
8/14/2002,20.8,21,20.84,20.75,21.4,20.02,19.3,19.42,,,,,,,,,,,,,,,,,,,,,,,,,,,,,,,,,,,,,,,,,,,,
8/15/2002,20.9,20.84,20.91,20.96,21.29,20.84,19.8,19.71,,,,,,,,,,,,,,,,,,,,,,,,,,,,,,,,,,,,,,,,,,,,
8/16/2002,20.9,20.88,21.22,21.1,21.59,20.76,19.62,19.43,,,,,,,,,,,,,,,,,,,,,,,,,,,,,,,,,,,,,,,,,,,,
8/17/2002,20.9,20.99,20.96,20.8,21.35,20.5,19.99,20.02,,,,,,,,,,,,,,,,,,,,,,,,,,,,,,,,,,,,,,,,,,,,
8/18/2002,20.8,20.8,21.08,21.08,20.73,20.08,19.43,20.08,,,,,,,,,,,,,,,,,,,,,,,,,,,,,,,,,,,,,,,,,,,,
8/19/2002,20.7,20.84,20.98,21.05,20.61,19.99,19.81,20.05,,,,,,,,,,,,,,,,,,,,,,,,,,,,,,,,,,,,,,,,,,,,
8/20/2002,20.5,20.56,20.84,20.55,20.2,19.28,18.5,19.43,,,,,,,,,,,,,,,,,,,,,,,,,,,,,,,,,,,,,,,,,,,,
8/21/2002,20.2,20.42,20.78,20.74,20.28,19.54,19.11,19.75,,,,,,,,,,,,,,,,,,,,,,,,,,,,,,,,,,,,,,,,,,,,
8/22/2002,20.2,20.59,21.22,20.94,20.56,19.94,19.8,20.23,,,,,,,,,,,,,,,,,,,,,,,,,,,,,,,,,,,,,,,,,,,,
8/23/2002,20.3,20.91,21.5,20.75,20.49,20.13,20.67,20.63,,,,,,,,,,,,,,,,,,,,,,,,,,,,,,,,,,,,,,,,,,,,
8/24/2002,20.6,21.1,21.33,20.72,20.07,20.55,20.85,20.6,,,,,,,,,,,,,,,,,,,,,,,,,,,,,,,,,,,,,,,,,,,,
8/25/2002,20.7,21.1,20.9,20.64,20.52,20.13,20.36,20.2,,,,,,,,,,,,,,,,,,,,,,,,,,,,,,,,,,,,,,,,,,,,
8/26/2002,20.7,20.76,20.86,20.43,19.79,19.56,19.08,19.15,,,,,,,,,,,,,,,,,,,,,,,,,,,,,,,,,,,,,,,,,,,,
8/27/2002,20.7,20.76,21.1,21.18,20.15,20.26,19.35,19.46,,,,,,,,,,,,,,,,,,,,,,,,,,,,,,,,,,,,,,,,,,,,
8/28/2002,21,21.04,21.43,21.55,20.19,20.91,20.53,20.64,,,,,,,,,,,,,,,,,,,,,,,,,,,,,,,,,,,,,,,,,,,,
8/29/2002,21,21.23,21.48,21.38,20.58,20.59,21.34,21.48,,,,,,,,,,,,,,,,,,,,,,,,,,,,,,,,,,,,,,,,,,,,
8/30/2002,20.8,21.01,21.17,20.86,20.18,19.78,19.33,20.08,,,,,,,,,,,,,,,,,,,,,,,,,,,,,,,,,,,,,,,,,,,,
8/31/2002,20.6,20.8,21.09,21.05,20.43,19.95,19.25,19.49,,,,,,,,,,,,,,,,,,,,,,,,,,,,,,,,,,,,,,,,,,,,
9/1/2002,20.5,21.01,20.97,21.2,20.57,19.86,18.4,19.03,,,,,,,,,,,,,,,,,,,,,,,,,,,,,,,,,,,,,,,,,,,,
9/2/2002,20.6,20.92,20.9,20.76,20.56,19.83,18.58,19.55,,,,,,,,,,,,,,,,,,,,,,,,,,,,,,,,,,,,,,,,,,,,
9/3/2002,20.5,20.83,20.82,20.69,20.44,19.81,18.75,19.35,,,,,,,,,,,,,,,,,,,,,,,,,,,,,,,,,,,,,,,,,,,,
9/4/2002,20.4,20.41,20.78,20.71,20.32,19.73,18.79,19.08,,,,,,,,,,,,,,,,,,,,,,,,,,,,,,,,,,,,,,,,,,,,
9/5/2002,20.2,20.33,20.71,20.67,20.34,19.67,18.89,19.18,,,,,,,,,,,,,,,,,,,,,,,,,,,,,,,,,,,,,,,,,,,,
9/6/2002,20,20.17,20.61,20.43,20.13,19.49,18.77,19.11,,,,,,,,,,,,,,,,,,,,,,,,,,,,,,,,,,,,,,,,,,,,
9/7/2002,19.7,20.11,20.43,19.97,19.88,19.09,18.38,18.89,,,,,,,,,,,,,,,,,,,,,,,,,,,,,,,,,,,,,,,,,,,,
9/8/2002,19.4,19.92,20.27,19.66,19.7,18.94,18.26,19.03,,,,,,,,,,,,,,,,,,,,,,,,,,,,,,,,,,,,,,,,,,,,
9/9/2002,19.5,19.89,20.37,19.85,19.88,19,18.48,19.12,,,,,,,,,,,,,,,,,,,,,,,,,,,,,,,,,,,,,,,,,,,,
9/10/2002,19.6,19.25,20.46,20.1,19.68,19.13,18.72,19.2,,,,,,,,,,,,,,,,,,,,,,,,,,,,,,,,,,,,,,,,,,,,
9/11/2002,19.9,20.3,20.38,19.88,19.38,19.05,18.47,19.31,,,,,,,,,,,,,,,,,,,,,,,,,,,,,,,,,,,,,,,,,,,,
9/12/2002,19.2,19.49,20.3,19.88,19.75,19.23,18.62,19.32,,,,,,,,,,,,,,,,,,,,,,,,,,,,,,,,,,,,,,,,,,,,
9/13/2002,20.2,20.11,20.54,20.39,19.93,19.14,18.4,19.32,,,,,,,,,,,,,,,,,,,,,,,,,,,,,,,,,,,,,,,,,,,,
9/14/2002,20.3,18.67,20.39,20.51,19.61,19.29,19.05,19.25,,,,,,,,,,,,,,,,,,,,,,,,,,,,,,,,,,,,,,,,,,,,
9/15/2002,20.1,20.1,20.12,20.23,19.7,19.09,19.09,19.17,,,,,,,,,,,,,,,,,,,,,,,,,,,,,,,,,,,,,,,,,,,,
9/16/2002,19.9,19.83,20.1,19.68,19.13,18.53,18.13,18.4,,,,,,,,,,,,,,,,,,,,,,,,,,,,,,,,,,,,,,,,,,,,
9/17/2002,18.8,19.48,20.03,19.74,19.17,18.5,18.09,18.36,,,,,,,,,,,,,,,,,,,,,,,,,,,,,,,,,,,,,,,,,,,,
9/18/2002,19.4,19.46,19.86,19.68,19.08,18.42,18.1,18.36,,,,,,,,,,,,,,,,,,,,,,,,,,,,,,,,,,,,,,,,,,,,
9/19/2002,19.2,19.51,19.79,19.43,18.95,18.35,18.07,18.53,,,,,,,,,,,,,,,,,,,,,,,,,,,,,,,,,,,,,,,,,,,,
9/20/2002,19,19.51,19.93,19.38,18.94,18.34,17.93,18.83,,,,,,,,,,,,,,,,,,,,,,,,,,,,,,,,,,,,,,,,,,,,
9/21/2002,18.9,19.59,19.8,19.24,18.83,18.23,17.89,18.67,,,,,,,,,,,,,,,,,,,,,,,,,,,,,,,,,,,,,,,,,,,,
9/22/2002,18.7,17.81,19.68,19.07,18.55,18.18,17.77,18.8,,,,,,,,,,,,,,,,,,,,,,,,,,,,,,,,,,,,,,,,,,,,
9/23/2002,18.7,19.31,19.46,18.75,18.43,18.07,17.72,18.91,,,,,,,,,,,,,,,,,,,,,,,,,,,,,,,,,,,,,,,,,,,,
9/24/2002,19,19.34,19.41,18.81,18.43,17.92,17.64,18.7,,,,,,,,,,,,,,,,,,,,,,,,,,,,,,,,,,,,,,,,,,,,
9/25/2002,19.2,19.23,19.53,18.44,18.24,17.87,17.49,18.41,,,,,,,,,,,,,,,,,,,,,,,,,,,,,,,,,,,,,,,,,,,,
9/26/2002,19.1,19.1,19.4,18.48,18.15,17.75,17.63,18.36,,,,,,,,,,,,,,,,,,,,,,,,,,,,,,,,,,,,,,,,,,,,
9/27/2002,19,18.93,19.22,18.4,18.11,17.73,17.51,18.2,,,,,,,,,,,,,,,,,,,,,,,,,,,,,,,,,,,,,,,,,,,,
9/28/2002,18.9,18.18,,18.47,17.98,17.67,17.56,18.2,,,,,,,,,,,,,,,,,,,,,,,,,,,,,,,,,,,,,,,,,,,,
9/29/2002,17.1,18.93,,18.35,17.83,17.53,17.53,18,,,,,,,,,,,,,,,,,,,,,,,,,,,,,,,,,,,,,,,,,,,,
9/30/2002,18.2,17.61,,17.8,17.57,17.25,17.3,17.58,,,,,,,,,,,,,,,,,,,,,,,,,,,,,,,,,,,,,,,,,,,,
10/1/2002,17.9,17.03,,17.54,17.34,17.04,17.14,17.32,,,,,,,,,,,,,,,,,,,,,,,,,,,,,,,,,,,,,,,,,,,,
10/2/2002,17.7,16.24,,17.34,17.15,16.88,17.1,17.14,,,,,,,,,,,,,,,,,,,,,,,,,,,,,,,,,,,,,,,,,,,,
10/3/2002,17.5,17.65,,16.91,16.99,16.7,17.08,17,,,,,,,,,,,,,,,,,,,,,,,,,,,,,,,,,,,,,,,,,,,,
10/4/2002,17.2,17.51,,16.58,16.86,16.7,17,16.96,,,,,,,,,,,,,,,,,,,,,,,,,,,,,,,,,,,,,,,,,,,,
10/5/2002,17,17.47,,16.53,16.67,,,16.81,,,,,,,,,,,,,,,,,,,,,,,,,,,,,,,,,,,,,,,,,,,,
10/6/2002,17,17.23,,16.58,16.59,,,16.88,,,,,,,,,,,,,,,,,,,,,,,,,,,,,,,,,,,,,,,,,,,,
10/7/2002,16.9,17.13,,16.7,16.57,,,16.94,,,,,,,,,,,,,,,,,,,,,,,,,,,,,,,,,,,,,,,,,,,,
10/8/2002,16.8,17.13,,16.9,16.57,,,16.72,,,,,,,,,,,,,,,,,,,,,,,,,,,,,,,,,,,,,,,,,,,,
10/9/2002,16.9,16.89,,16.83,16.53,,,16.69,,,,,,,,,,,,,,,,,,,,,,,,,,,,,,,,,,,,,,,,,,,,
10/10/2002,16.6,16.43,,16.78,16.48,,,16.17,,,,,,,,,,,,,,,,,,,,,,,,,,,,,,,,,,,,,,,,,,,,
10/11/2002,16.2,15.96,,16.6,16.35,,,15.83,,,,,,,,,,,,,,,,,,,,,,,,,,,,,,,,,,,,,,,,,,,,
10/12/2002,15.7,15.82,,16.3,16.2,,,15.7,,,,,,,,,,,,,,,,,,,,,,,,,,,,,,,,,,,,,,,,,,,,
10/13/2002,15.2,15.81,,15.87,16.16,,,15.5,,,,,,,,,,,,,,,,,,,,,,,,,,,,,,,,,,,,,,,,,,,,
10/14/2002,14.9,15.79,,15.69,15.95,,,15.32,,,,,,,,,,,,,,,,,,,,,,,,,,,,,,,,,,,,,,,,,,,,
10/15/2002,14.7,15.81,,15.58,15.77,,,15.16,,,,,,,,,,,,,,,,,,,,,,,,,,,,,,,,,,,,,,,,,,,,
10/16/2002,14.8,15.8,,15.28,15.6,,,15.03,,,,,,,,,,,,,,,,,,,,,,,,,,,,,,,,,,,,,,,,,,,,
10/17/2002,15,15.73,,14.98,15.42,,,14.83,,,,,,,,,,,,,,,,,,,,,,,,,,,,,,,,,,,,,,,,,,,,
10/18/2002,15.1,15.65,,15,15.29,,,14.72,,,,,,,,,,,,,,,,,,,,,,,,,,,,,,,,,,,,,,,,,,,,
10/19/2002,15.3,15.54,,15.08,15.19,,,14.5,,,,,,,,,,,,,,,,,,,,,,,,,,,,,,,,,,,,,,,,,,,,
10/20/2002,15.3,15.5,,15.33,15.13,,,14.4,,,,,,,,,,,,,,,,,,,,,,,,,,,,,,,,,,,,,,,,,,,,
10/21/2002,15.3,15.4,,15.35,15.07,,,14.29,,,,,,,,,,,,,,,,,,,,,,,,,,,,,,,,,,,,,,,,,,,,
10/22/2002,15.3,15.33,,15.39,14.99,,,14.13,,,,,,,,,,,,,,,,,,,,,,,,,,,,,,,,,,,,,,,,,,,,
10/23/2002,15.1,15.26,,15.2,14.88,,,13.69,,,,,,,,,,,,,,,,,,,,,,,,,,,,,,,,,,,,,,,,,,,,
10/24/2002,14.6,15.06,,15.05,14.71,,,13.44,,,,,,,,,,,,,,,,,,,,,,,,,,,,,,,,,,,,,,,,,,,,
10/25/2002,14.3,14.78,,14.93,14.55,,,13.25,,,,,,,,,,,,,,,,,,,,,,,,,,,,,,,,,,,,,,,,,,,,
10/26/2002,14.2,14.6,,14.58,14.38,,,12.98,,,,,,,,,,,,,,,,,,,,,,,,,,,,,,,,,,,,,,,,,,,,
10/27/2002,14.1,14.36,,14.15,14.15,,,12.65,,,,,,,,,,,,,,,,,,,,,,,,,,,,,,,,,,,,,,,,,,,,
10/28/2002,13.9,14.05,,13.86,14.03,,,12.44,,,,,,,,,,,,,,,,,,,,,,,,,,,,,,,,,,,,,,,,,,,,
10/29/2002,13.7,13.8,,13.49,13.73,,,12.12,,,,,,,,,,,,,,,,,,,,,,,,,,,,,,,,,,,,,,,,,,,,
10/30/2002,12.9,13.24,,12.9,13.13,,,11.79,,,,,,,,,,,,,,,,,,,,,,,,,,,,,,,,,,,,,,,,,,,,
10/31/2002,,12.91,,12.56,12.74,,,11.56,,,,,,,,,,,,,,,,,,,,,,,,,,,,,,,,,,,,,,,,,,,,
